idx,x,y,z,nx,ny,nz,dx,dy,dz,seg_len,cumulative_len
0,0.526583,0.258469,0.504051,0.072468,-0.003548,-0.997364,-0.010864,-0.999764,0.018823,0.000000,0.000000
1,0.526582,0.256985,0.504056,0.072468,-0.003548,-0.997364,-0.000884,-0.999994,0.003474,0.001484,0.001484
2,0.526581,0.255501,0.504061,0.072468,-0.003548,-0.997364,-0.001332,-0.999955,0.009386,0.001484,0.002968
3,0.526578,0.254033,0.504084,0.072449,-0.023417,-0.997097,-0.002059,-0.999811,0.019342,0.001469,0.004437
4,0.526575,0.252550,0.504118,0.072449,-0.023417,-0.997097,-0.006121,-0.999847,0.016363,0.001483,0.005920
5,0.526560,0.251053,0.504132,0.087085,-0.008691,-0.996163,-0.002108,-0.999882,0.015187,0.001496,0.007417
6,0.526573,0.249216,0.504149,0.087085,-0.008691,-0.996163,-0.001020,-0.999936,0.011257,0.001838,0.009255
7,0.526572,0.248079,0.504169,0.087022,-0.038982,-0.995443,-0.000847,-0.999962,0.008681,0.001137,0.010392
8,0.526567,0.246592,0.504227,0.087022,-0.038982,-0.995443,-0.000589,-0.999986,0.005237,0.001488,0.011879
9,0.526562,0.245108,0.504284,0.087022,-0.038982,-0.995443,-0.000260,-1.000000,0.000612,0.001485,0.013365
10,0.526563,0.243620,0.504329,0.069059,-0.020925,-0.997393,0.000446,-0.999992,-0.004028,0.001489,0.014853
11,0.526562,0.242135,0.504360,0.069059,-0.020925,-0.997393,0.000654,-0.999965,-0.008342,0.001485,0.016339
12,0.526570,0.240622,0.504256,0.068811,0.087243,-0.993808,0.000458,-0.999913,-0.013156,0.001516,0.017855
13,0.526583,0.239146,0.504134,0.034619,0.053128,-0.997987,0.000855,-0.999806,-0.019680,0.001482,0.019337
14,0.526589,0.237661,0.504055,0.034619,0.053128,-0.997987,0.001332,-0.999629,-0.027195,0.001486,0.020823
15,0.526595,0.236177,0.503976,0.034619,0.053128,-0.997987,0.001609,-0.999404,-0.034480,0.001487,0.022310
16,0.526602,0.234691,0.503893,0.034606,0.059350,-0.997637,0.001658,-0.999333,-0.036483,0.001489,0.023798
17,0.526608,0.233204,0.503805,0.034606,0.059350,-0.997637,0.001760,-0.999261,-0.038404,0.001489,0.025287
18,0.526614,0.231718,0.503727,0.028465,0.018350,-0.999426,0.001875,-0.999191,-0.040179,0.001489,0.026776
19,0.526619,0.230231,0.503653,0.026659,0.018056,-0.999481,0.001939,-0.999141,-0.041384,0.001488,0.028264
20,0.526624,0.228743,0.503574,0.025904,0.018815,-0.999487,0.001972,-0.999119,-0.041912,0.001491,0.029755
21,0.526630,0.227268,0.503440,0.024013,0.018607,-0.999538,0.001975,-0.999123,-0.041828,0.001481,0.031236
22,0.526633,0.225790,0.503322,0.022122,0.017951,-0.999594,0.001955,-0.999149,-0.041188,0.001483,0.032719
23,0.526635,0.224309,0.503236,0.020230,0.017295,-0.999646,0.001898,-0.999195,-0.040061,0.001484,0.034202
24,0.526637,0.222827,0.503149,0.018768,0.017552,-0.999670,0.001831,-0.999256,-0.038520,0.001484,0.035686
25,0.526638,0.221348,0.503047,0.017305,0.017809,-0.999692,0.001772,-0.999330,-0.036562,0.001483,0.037169
26,0.526640,0.219869,0.502936,0.015485,0.017706,-0.999723,0.001693,-0.999416,-0.034135,0.001483,0.038652
27,0.526640,0.218389,0.502833,0.013664,0.018803,-0.999730,0.001587,-0.999506,-0.031380,0.001483,0.040136
28,0.526641,0.216910,0.502731,0.011845,0.020638,-0.999717,0.001455,-0.999595,-0.028419,0.001482,0.041618
29,0.526642,0.215426,0.502641,0.009177,0.021625,-0.999724,0.001310,-0.999680,-0.025267,0.001486,0.043105
30,0.526643,0.213945,0.502585,0.006509,0.022610,-0.999723,0.001171,-0.999753,-0.022207,0.001482,0.044587
31,0.526639,0.212459,0.502542,0.004281,0.023514,-0.999714,0.001059,-0.999811,-0.019410,0.001487,0.046073
32,0.526639,0.210977,0.502511,0.002053,0.024416,-0.999700,0.000972,-0.999860,-0.016720,0.001483,0.047556
33,0.526639,0.209494,0.502480,-0.000357,0.022489,-0.999747,0.000901,-0.999901,-0.014030,0.001483,0.049039
34,0.526642,0.207994,0.502567,-0.001932,0.021397,-0.999769,0.000845,-0.999935,-0.011368,0.001502,0.050542
35,0.526648,0.206520,0.502666,-0.003507,0.020304,-0.999788,0.000805,-0.999961,-0.008763,0.001478,0.052019
36,0.526648,0.205038,0.502727,-0.005082,0.019565,-0.999796,0.000779,-0.999980,-0.006244,0.001483,0.053502
37,0.526648,0.203556,0.502789,-0.007289,0.018039,-0.999811,0.000763,-0.999992,-0.003862,0.001484,0.054986
38,0.526648,0.202071,0.502832,-0.009496,0.016514,-0.999819,0.000763,-0.999998,-0.001668,0.001485,0.056471
39,0.526648,0.200585,0.502855,-0.011476,0.015216,-0.999818,0.000775,-1.000000,0.000236,0.001486,0.057957
40,0.526649,0.199099,0.502879,-0.013455,0.012635,-0.999830,0.000792,-0.999998,0.001891,0.001486,0.059443
41,0.526651,0.197615,0.502897,-0.015431,0.009071,-0.999840,0.000808,-0.999994,0.003342,0.001485,0.060928
42,0.526652,0.196131,0.502917,-0.016031,0.006881,-0.999848,0.000818,-0.999990,0.004490,0.001484,0.062412
43,0.526654,0.194647,0.502962,-0.015842,0.005477,-0.999860,0.000831,-0.999985,0.005375,0.001484,0.063897
44,0.526653,0.193162,0.502999,-0.015655,0.006077,-0.999859,0.000838,-0.999982,0.005986,0.001486,0.065382
45,0.526655,0.191677,0.503018,-0.015467,0.006677,-0.999858,0.000834,-0.999980,0.006270,0.001485,0.066867
46,0.526656,0.190192,0.503037,-0.015280,0.006870,-0.999860,0.000834,-0.999980,0.006248,0.001485,0.068352
47,0.526658,0.188704,0.503006,-0.014731,0.006704,-0.999869,0.000843,-0.999983,0.005799,0.001489,0.069841
48,0.526660,0.187221,0.502952,-0.014033,0.006688,-0.999879,0.000864,-0.999988,0.004849,0.001484,0.071325
49,0.526663,0.185737,0.502946,-0.013352,0.010815,-0.999852,0.000883,-0.999993,0.003498,0.001484,0.072809
50,0.526665,0.184252,0.502944,-0.012670,0.015704,-0.999796,0.000897,-0.999998,0.001789,0.001484,0.074293
51,0.526667,0.182767,0.502935,-0.009524,0.018211,-0.999789,0.000925,-0.999999,-0.000549,0.001485,0.075778
52,0.526669,0.181285,0.502911,-0.005959,0.021135,-0.999759,0.000972,-0.999993,-0.003681,0.001483,0.077261
53,0.526672,0.179803,0.502894,-0.002412,0.025098,-0.999682,0.001023,-0.999971,-0.007549,0.001482,0.078743
54,0.526673,0.178318,0.502881,0.001139,0.029063,-0.999577,0.001049,-0.999927,-0.012039,0.001485,0.080228
55,0.526673,0.176833,0.502869,0.003474,0.034050,-0.999414,0.001057,-0.999856,-0.016939,0.001485,0.081713
56,0.526673,0.175348,0.502837,0.005102,0.038335,-0.999252,0.001066,-0.999751,-0.022278,0.001486,0.083199
57,0.526671,0.173859,0.502808,0.006730,0.042620,-0.999069,0.001046,-0.999604,-0.028126,0.001489,0.084687
58,0.526672,0.172372,0.502813,0.008360,0.046725,-0.998873,0.000987,-0.999412,-0.034266,0.001487,0.086175
59,0.526673,0.170886,0.502818,0.005754,0.045972,-0.998926,0.000902,-0.999179,-0.040502,0.001486,0.087661
60,0.526676,0.169403,0.502863,0.003147,0.045218,-0.998972,0.000802,-0.998903,-0.046828,0.001484,0.089145
61,0.526683,0.167924,0.502945,0.000539,0.044464,-0.999011,0.000559,-0.998586,-0.053162,0.001481,0.090626
62,0.526673,0.166433,0.502965,-0.001973,0.042322,-0.999102,0.000173,-0.998260,-0.058964,0.001491,0.092117
63,0.526676,0.164953,0.502965,-0.004486,0.040628,-0.999164,-0.000218,-0.997970,-0.063690,0.001480,0.093597
64,0.526680,0.163442,0.502945,-0.007002,0.038932,-0.999217,-0.000593,-0.997738,-0.067217,0.001511,0.095108
65,0.526686,0.161970,0.502823,-0.010736,0.037598,-0.999235,-0.000931,-0.997565,-0.069731,0.001477,0.096585
66,0.526692,0.160499,0.502701,-0.014444,0.034216,-0.999310,-0.001235,-0.997443,-0.071458,0.001477,0.098062
67,0.526690,0.159029,0.502590,-0.018157,0.030830,-0.999360,-0.001533,-0.997375,-0.072392,0.001474,0.099535
68,0.526694,0.157554,0.502490,-0.019103,0.028971,-0.999398,-0.001824,-0.997361,-0.072580,0.001479,0.101014
69,0.526701,0.156039,0.502191,-0.020049,0.027112,-0.999431,-0.002067,-0.997407,-0.071941,0.001545,0.102558
70,0.526709,0.154609,0.501841,-0.020140,0.026107,-0.999456,-0.002271,-0.997514,-0.070426,0.001472,0.104030
71,0.526703,0.153154,0.501499,-0.020231,0.024426,-0.999497,-0.002453,-0.997668,-0.068213,0.001495,0.105525
72,0.526695,0.151669,0.501286,-0.020322,0.022385,-0.999543,-0.002475,-0.997860,-0.065335,0.001500,0.107025
73,0.526690,0.150197,0.501057,-0.020620,0.020550,-0.999576,-0.002351,-0.998079,-0.061917,0.001490,0.108515
74,0.526693,0.148727,0.500783,-0.020729,0.018904,-0.999606,-0.002217,-0.998303,-0.058200,0.001495,0.110010
75,0.526678,0.147237,0.500543,-0.020837,0.019178,-0.999599,-0.002073,-0.998524,-0.054277,0.001509,0.111519
76,0.526675,0.145756,0.500343,-0.020945,0.019453,-0.999591,-0.001929,-0.998748,-0.049994,0.001494,0.113013
77,0.526671,0.144280,0.500144,-0.021137,0.019287,-0.999591,-0.001788,-0.998980,-0.045119,0.001490,0.114503
78,0.526669,0.142797,0.499953,-0.020692,0.019760,-0.999591,-0.001630,-0.999213,-0.039625,0.001495,0.115998
79,0.526551,0.141197,0.499815,-0.020246,0.021162,-0.999571,-0.001430,-0.999433,-0.033651,0.001610,0.117609
80,0.526558,0.139711,0.499884,-0.019801,0.022563,-0.999549,-0.001233,-0.999621,-0.027505,0.001487,0.119096
81,0.526562,0.138224,0.499953,-0.019355,0.025254,-0.999494,-0.001055,-0.999774,-0.021231,0.001489,0.120585
82,0.526569,0.136715,0.500071,-0.017924,0.026959,-0.999476,-0.000869,-0.999891,-0.014733,0.001514,0.122099
83,0.526575,0.135230,0.500221,-0.017878,0.027282,-0.999468,-0.000680,-0.999966,-0.008215,0.001493,0.123592
84,0.526581,0.133744,0.500370,-0.017832,0.028524,-0.999434,-0.000494,-0.999998,-0.001866,0.001493,0.125084
85,0.526578,0.132254,0.500477,-0.017785,0.027748,-0.999457,-0.000320,-0.999991,0.004337,0.001494,0.126578
86,0.526579,0.130758,0.500608,-0.017738,0.026973,-0.999479,-0.000028,-0.999947,0.010330,0.001502,0.128080
87,0.526591,0.129281,0.500834,-0.016671,0.025177,-0.999544,0.000380,-0.999879,0.015533,0.001495,0.129575
88,0.526593,0.127791,0.500979,-0.015968,0.022394,-0.999622,0.000769,-0.999811,0.019435,0.001496,0.131071
89,0.526605,0.126311,0.501037,-0.015265,0.019611,-0.999691,0.001140,-0.999754,0.022129,0.001481,0.132553
90,0.526616,0.124831,0.501095,-0.013752,0.013449,-0.999815,0.001478,-0.999714,0.023875,0.001481,0.134034
91,0.526628,0.123360,0.501186,-0.012240,0.007294,-0.999898,0.001779,-0.999689,0.024864,0.001473,0.135508
92,0.526639,0.121888,0.501285,-0.013201,0.003537,-0.999907,0.002065,-0.999682,0.025124,0.001476,0.136983
93,0.526650,0.120413,0.501382,-0.014163,0.001175,-0.999899,0.002330,-0.999693,0.024680,0.001477,0.138461
94,0.526662,0.118937,0.501468,-0.015623,-0.002743,-0.999874,0.002554,-0.999720,0.023512,0.001479,0.139940
95,0.526672,0.117444,0.501508,-0.017081,-0.006657,-0.999832,0.002755,-0.999764,0.021537,0.001494,0.141433
96,0.526678,0.115969,0.501479,-0.017326,-0.009373,-0.999806,0.002943,-0.999819,0.018797,0.001475,0.142909
97,0.526679,0.114489,0.501454,-0.017575,-0.010854,-0.999787,0.002975,-0.999875,0.015502,0.001481,0.144389
98,0.526680,0.113007,0.501430,-0.017825,-0.012335,-0.999765,0.002851,-0.999924,0.012019,0.001482,0.145871
99,0.526681,0.111519,0.501405,-0.018076,-0.013636,-0.999744,0.002719,-0.999960,0.008536,0.001488,0.147359
100,0.526681,0.110040,0.501325,-0.013304,-0.011501,-0.999845,0.002574,-0.999984,0.004939,0.001482,0.148841
101,0.526680,0.108559,0.501245,-0.008534,-0.009025,-0.999923,0.002421,-0.999996,0.001191,0.001482,0.150323
102,0.526682,0.107076,0.501188,-0.003763,-0.006549,-0.999971,0.002274,-0.999994,-0.002650,0.001484,0.151807
103,0.526683,0.105592,0.501167,0.000802,-0.002963,-0.999995,0.002130,-0.999977,-0.006488,0.001484,0.153292
104,0.526684,0.104111,0.501113,0.005365,0.000622,-0.999985,0.001992,-0.999946,-0.010224,0.001483,0.154774
105,0.526685,0.102629,0.501037,0.009926,0.004206,-0.999942,0.001887,-0.999904,-0.013705,0.001483,0.156258
106,0.526686,0.101148,0.500962,0.015270,0.005553,-0.999868,0.001804,-0.999857,-0.016817,0.001484,0.157741
107,0.526694,0.099657,0.500947,0.020574,0.008945,-0.999748,0.001732,-0.999807,-0.019583,0.001491,0.159232
108,0.526694,0.098166,0.500950,0.025999,0.012461,-0.999584,0.001682,-0.999757,-0.021992,0.001491,0.160723
109,0.526691,0.096687,0.501017,0.028689,0.013244,-0.999501,0.001649,-0.999712,-0.023958,0.001481,0.162203
110,0.526688,0.095205,0.501063,0.031375,0.011885,-0.999437,0.001627,-0.999675,-0.025437,0.001482,0.163686
111,0.526686,0.093723,0.501082,0.034061,0.010525,-0.999364,0.001611,-0.999652,-0.026342,0.001482,0.165168
112,0.526684,0.092241,0.501102,0.036744,0.009839,-0.999276,0.001595,-0.999647,-0.026529,0.001483,0.166650
113,0.526689,0.090749,0.501052,0.037937,0.010634,-0.999224,0.001565,-0.999662,-0.025932,0.001493,0.168143
114,0.526697,0.089270,0.500988,0.039336,0.011225,-0.999163,0.001499,-0.999694,-0.024707,0.001481,0.169624
115,0.526700,0.087786,0.500955,0.040733,0.013873,-0.999074,0.001408,-0.999732,-0.023091,0.001484,0.171108
116,0.526702,0.086303,0.500922,0.040768,0.013243,-0.999081,0.001309,-0.999773,-0.021264,0.001483,0.172591
117,0.526707,0.084817,0.500856,0.040804,0.012614,-0.999088,0.001202,-0.999810,-0.019464,0.001487,0.174079
118,0.526713,0.083337,0.500749,0.040923,0.012069,-0.999089,0.001093,-0.999840,-0.017856,0.001484,0.175562
119,0.526719,0.081857,0.500641,0.041042,0.011781,-0.999088,0.000979,-0.999864,-0.016463,0.001484,0.177047
120,0.526725,0.080373,0.500573,0.041158,0.010570,-0.999097,0.000857,-0.999884,-0.015185,0.001486,0.178532
121,0.526729,0.078889,0.500512,0.041275,0.009359,-0.999104,0.000721,-0.999903,-0.013889,0.001485,0.180017
122,0.526734,0.077404,0.500431,0.041499,0.008040,-0.999106,0.000573,-0.999920,-0.012600,0.001488,0.181505
123,0.526739,0.075918,0.500353,0.040747,0.006896,-0.999146,0.000429,-0.999934,-0.011474,0.001487,0.182992
124,0.526744,0.074435,0.500284,0.039995,0.005752,-0.999183,0.000303,-0.999943,-0.010649,0.001485,0.184478
125,0.526748,0.072952,0.500216,0.039443,0.003897,-0.999214,0.000210,-0.999949,-0.010063,0.001484,0.185962
126,0.526748,0.071453,0.500203,0.038891,0.002041,-0.999241,0.000126,-0.999955,-0.009434,0.001499,0.187461
127,0.526746,0.069968,0.500222,0.038338,0.000185,-0.999265,0.000030,-0.999963,-0.008551,0.001485,0.188946
128,0.526744,0.068483,0.500234,0.036771,0.000419,-0.999324,-0.000073,-0.999974,-0.007261,0.001485,0.190431
129,0.526741,0.066998,0.500245,0.035204,0.001994,-0.999378,-0.000193,-0.999985,-0.005476,0.001485,0.191916
130,0.526735,0.065500,0.500291,0.033523,0.003456,-0.999432,-0.000326,-0.999994,-0.003344,0.001498,0.193415
131,0.526721,0.064027,0.500431,0.031054,0.004128,-0.999509,-0.000460,-0.999999,-0.001140,0.001480,0.194895
132,0.526708,0.062553,0.500571,0.028592,0.007130,-0.999566,-0.000581,-0.999999,0.001020,0.001481,0.196376
133,0.526711,0.061061,0.500654,0.026129,0.010134,-0.999607,-0.000685,-0.999995,0.003112,0.001494,0.197869
134,0.526707,0.059576,0.500705,0.022623,0.010712,-0.999687,-0.000778,-0.999987,0.005023,0.001486,0.199355
135,0.526706,0.058078,0.500647,0.019636,0.011812,-0.999737,-0.000862,-0.999978,0.006505,0.001499,0.200854
136,0.526708,0.056602,0.500580,0.016649,0.012912,-0.999778,-0.000944,-0.999972,0.007381,0.001478,0.202333
137,0.526704,0.055118,0.500590,0.013659,0.011431,-0.999841,-0.001017,-0.999971,0.007577,0.001484,0.203816
138,0.526701,0.053634,0.500599,0.010670,0.008716,-0.999905,-0.001068,-0.999975,0.006968,0.001484,0.205300
139,0.526698,0.052153,0.500601,0.006342,0.007355,-0.999953,-0.001079,-0.999983,0.005686,0.001481,0.206781
140,0.526696,0.050671,0.500594,0.002012,0.005993,-0.999980,-0.001054,-0.999991,0.003988,0.001482,0.208263
141,0.526695,0.049188,0.500588,-0.003108,0.005794,-0.999978,-0.001003,-0.999997,0.002005,0.001483,0.209746
142,0.526696,0.047704,0.500587,-0.008226,0.005255,-0.999952,-0.000926,-1.000000,-0.000097,0.001484,0.211231
143,0.526697,0.046218,0.500592,-0.013345,0.004716,-0.999900,-0.000839,-0.999997,-0.002229,0.001486,0.212717
144,0.526699,0.044733,0.500641,-0.017136,0.003231,-0.999848,-0.000751,-0.999990,-0.004441,0.001485,0.214202
145,0.526701,0.043250,0.500686,-0.020926,0.002867,-0.999777,-0.000663,-0.999977,-0.006679,0.001484,0.215685
146,0.526702,0.041768,0.500723,-0.024715,0.002502,-0.999691,-0.000568,-0.999962,-0.008653,0.001483,0.217168
147,0.526703,0.040286,0.500759,-0.029001,0.003083,-0.999575,-0.000455,-0.999948,-0.010201,0.001483,0.218651
148,0.526703,0.038795,0.500751,-0.033285,0.003663,-0.999439,-0.000335,-0.999935,-0.011424,0.001491,0.220142
149,0.526703,0.037311,0.500722,-0.037695,0.004114,-0.999281,-0.000232,-0.999925,-0.012267,0.001485,0.221626
150,0.526704,0.035827,0.500700,-0.042100,0.006104,-0.999095,-0.000165,-0.999919,-0.012764,0.001484,0.223110
151,0.526704,0.034343,0.500678,-0.046486,0.010237,-0.998866,-0.000126,-0.999913,-0.013214,0.001484,0.224595
152,0.526703,0.032847,0.500612,-0.052149,0.013074,-0.998554,-0.000113,-0.999904,-0.013849,0.001497,0.226092
153,0.526700,0.031378,0.500449,-0.057806,0.015909,-0.998201,-0.000135,-0.999890,-0.014839,0.001478,0.227570
154,0.526692,0.029900,0.500319,-0.061989,0.014915,-0.997965,-0.000181,-0.999869,-0.016168,0.001484,0.229054
155,0.526687,0.028420,0.500220,-0.066172,0.013921,-0.997711,-0.000241,-0.999845,-0.017577,0.001483,0.230537
156,0.526683,0.026939,0.500120,-0.068559,0.012669,-0.997567,-0.000297,-0.999823,-0.018814,0.001484,0.232021
157,0.526688,0.025434,0.500162,-0.069585,0.012786,-0.997494,-0.000331,-0.999804,-0.019778,0.001506,0.233527
158,0.526694,0.023954,0.500218,-0.070611,0.012903,-0.997420,-0.000345,-0.999789,-0.020532,0.001481,0.235008
159,0.526699,0.022472,0.500249,-0.071637,0.012772,-0.997349,-0.000346,-0.999778,-0.021090,0.001482,0.236490
160,0.526700,0.020988,0.500224,-0.072167,0.012880,-0.997309,-0.000332,-0.999774,-0.021270,0.001484,0.237975
161,0.526700,0.019504,0.500186,-0.072698,0.012989,-0.997269,-0.000295,-0.999779,-0.021000,0.001484,0.239459
162,0.526697,0.018021,0.500138,-0.073228,0.013098,-0.997229,-0.000231,-0.999794,-0.020307,0.001484,0.240942
163,0.526694,0.016539,0.500090,-0.073868,0.011908,-0.997197,-0.000138,-0.999817,-0.019130,0.001484,0.242426
164,0.526696,0.015054,0.500105,-0.074506,0.011523,-0.997154,-0.000019,-0.999846,-0.017576,0.001484,0.243910
165,0.526698,0.013567,0.500117,-0.075144,0.011139,-0.997110,0.000119,-0.999874,-0.015850,0.001487,0.245398
166,0.526695,0.012083,0.500070,-0.077531,0.012113,-0.996916,0.000273,-0.999902,-0.013985,0.001485,0.246883
167,0.526694,0.010599,0.500034,-0.079914,0.014586,-0.996695,0.000427,-0.999928,-0.011981,0.001484,0.248367
168,0.526695,0.009115,0.500018,-0.082295,0.017059,-0.996462,0.000571,-0.999949,-0.010058,0.001484,0.249851
169,0.526696,0.007630,0.500001,-0.084678,0.018458,-0.996237,0.000695,-0.999965,-0.008352,0.001484,0.251336
170,0.526690,0.006149,0.499916,-0.084709,0.017497,-0.996252,0.000792,-0.999976,-0.006885,0.001484,0.252819
171,0.526682,0.004672,0.499806,-0.084627,0.016649,-0.996274,0.000847,-0.999982,-0.005939,0.001481,0.254300
172,0.526672,0.003181,0.499773,-0.084544,0.016060,-0.996290,0.000868,-0.999984,-0.005583,0.001492,0.255792
173,0.526670,0.001697,0.499742,-0.084455,0.013141,-0.996341,0.000871,-0.999984,-0.005504,0.001484,0.257276
174,0.526676,0.000197,0.499761,-0.084392,0.010249,-0.996380,0.000851,-0.999984,-0.005508,0.001500,0.258776
175,0.526695,-0.001278,0.499870,-0.083295,0.008395,-0.996490,0.000817,-0.999985,-0.005446,0.001479,0.260256
176,0.526703,-0.002759,0.499919,-0.082210,0.003863,-0.996608,0.000781,-0.999986,-0.005215,0.001482,0.261737
177,0.526704,-0.004242,0.499921,-0.081122,-0.000670,-0.996704,0.000748,-0.999988,-0.004852,0.001483,0.263221
178,0.526707,-0.005727,0.499923,-0.077124,0.000291,-0.997021,0.000723,-0.999990,-0.004310,0.001485,0.264705
179,0.526712,-0.007213,0.499940,-0.073122,0.001254,-0.997322,0.000703,-0.999994,-0.003422,0.001486,0.266192
180,0.526715,-0.008700,0.499951,-0.067780,0.002072,-0.997698,0.000663,-0.999997,-0.002188,0.001487,0.267678
181,0.526717,-0.010185,0.499938,-0.062432,0.002890,-0.998045,0.000608,-1.000000,-0.000788,0.001485,0.269163
182,0.526720,-0.011669,0.499925,-0.058975,0.001419,-0.998258,0.000561,-1.000000,0.000685,0.001484,0.270648
183,0.526724,-0.013151,0.499960,-0.055518,-0.000053,-0.998458,0.000507,-0.999998,0.002079,0.001482,0.272130
184,0.526730,-0.014631,0.500032,-0.052060,-0.001524,-0.998643,0.000453,-0.999995,0.003218,0.001482,0.273612
185,0.526735,-0.016111,0.500105,-0.049736,-0.000433,-0.998762,0.000404,-0.999991,0.004182,0.001482,0.275094
186,0.526745,-0.017606,0.500083,-0.047411,-0.000462,-0.998875,0.000354,-0.999987,0.005121,0.001495,0.276589
187,0.526742,-0.019097,0.500043,-0.045712,-0.001119,-0.998954,0.000304,-0.999982,0.005986,0.001491,0.278080
188,0.526729,-0.020570,0.499931,-0.043517,-0.001277,-0.999052,0.000246,-0.999978,0.006625,0.001477,0.279558
189,0.526715,-0.022041,0.499819,-0.041322,-0.000759,-0.999146,0.000175,-0.999976,0.006876,0.001475,0.281033
190,0.526722,-0.023538,0.499787,-0.039127,-0.000240,-0.999234,0.000086,-0.999978,0.006590,0.001497,0.282530
191,0.526719,-0.025022,0.499817,-0.037024,-0.001349,-0.999313,0.000008,-0.999983,0.005767,0.001484,0.284014
192,0.526716,-0.026507,0.499835,-0.034921,-0.002458,-0.999387,-0.000044,-0.999989,0.004592,0.001485,0.285500
193,0.526712,-0.027993,0.499849,-0.031539,-0.002272,-0.999500,-0.000081,-0.999994,0.003402,0.001487,0.286986
194,0.526711,-0.029477,0.499863,-0.028156,-0.003351,-0.999598,-0.000102,-0.999997,0.002468,0.001484,0.288470
195,0.526709,-0.030960,0.499876,-0.024783,-0.002076,-0.999691,-0.000103,-0.999998,0.001830,0.001483,0.289953
196,0.526708,-0.032445,0.499953,-0.021916,-0.000296,-0.999760,-0.000066,-0.999999,0.001458,0.001487,0.291440
197,0.526710,-0.033911,0.500128,-0.020839,-0.000321,-0.999783,-0.000005,-0.999999,0.001251,0.001476,0.292916
198,0.526689,-0.035411,0.500197,-0.019762,-0.000385,-0.999805,0.000070,-0.999999,0.001119,0.001502,0.294418
199,0.526692,-0.036895,0.500195,-0.018685,-0.000449,-0.999825,0.000173,-0.999999,0.001032,0.001485,0.295903
200,0.526694,-0.038387,0.500193,-0.017540,-0.000196,-0.999846,0.000297,-0.999999,0.000955,0.001492,0.297394
201,0.526703,-0.039868,0.500119,-0.016890,-0.000441,-0.999857,0.000437,-0.999999,0.000909,0.001483,0.298877
202,0.526709,-0.041351,0.500069,-0.016240,0.000792,-0.999868,0.000594,-0.999999,0.001000,0.001484,0.300361
203,0.526709,-0.042836,0.500110,-0.015590,0.002025,-0.999876,0.000775,-0.999999,0.001243,0.001485,0.301846
204,0.526708,-0.044320,0.500151,-0.016763,0.002838,-0.999855,0.000989,-0.999999,0.001351,0.001485,0.303331
205,0.526709,-0.045812,0.500139,-0.017936,0.003651,-0.999832,0.001250,-0.999999,0.001083,0.001492,0.304823
206,0.526710,-0.047298,0.500094,-0.019109,0.004465,-0.999807,0.001514,-0.999999,0.000465,0.001487,0.306310
207,0.526715,-0.048781,0.500081,-0.018727,0.002716,-0.999821,0.001744,-0.999998,-0.000454,0.001483,0.307792
208,0.526721,-0.050265,0.500074,-0.018352,-0.000531,-0.999831,0.001967,-0.999997,-0.001468,0.001484,0.309276
209,0.526726,-0.051748,0.500058,-0.019290,-0.002446,-0.999811,0.002193,-0.999995,-0.002303,0.001483,0.310760
210,0.526731,-0.053229,0.500010,-0.020229,-0.004361,-0.999786,0.002424,-0.999993,-0.002926,0.001482,0.312241
211,0.526734,-0.054713,0.499964,-0.023501,-0.000904,-0.999723,0.002687,-0.999990,-0.003439,0.001485,0.313726
212,0.526736,-0.056197,0.499922,-0.026776,0.002555,-0.999638,0.002977,-0.999988,-0.003882,0.001485,0.315211
213,0.526738,-0.057681,0.499879,-0.030053,0.005757,-0.999532,0.003258,-0.999985,-0.004301,0.001485,0.316696
214,0.526741,-0.059172,0.499901,-0.032411,0.008037,-0.999442,0.003484,-0.999982,-0.004826,0.001491,0.318187
215,0.526744,-0.060657,0.499935,-0.034743,0.010292,-0.999343,0.003622,-0.999979,-0.005454,0.001485,0.319672
216,0.526750,-0.062140,0.499961,-0.037068,0.013422,-0.999223,0.003649,-0.999975,-0.006029,0.001483,0.321155
217,0.526755,-0.063623,0.499965,-0.039389,0.019235,-0.999039,0.003599,-0.999972,-0.006574,0.001483,0.322638
218,0.526761,-0.065105,0.499969,-0.039097,0.022440,-0.998983,0.003501,-0.999967,-0.007315,0.001482,0.324120
219,0.526767,-0.066585,0.499975,-0.041733,0.022723,-0.998870,0.003346,-0.999958,-0.008522,0.001480,0.325600
220,0.526773,-0.068065,0.499978,-0.044367,0.023707,-0.998734,0.003168,-0.999942,-0.010251,0.001480,0.327080
221,0.526784,-0.069548,0.499979,-0.046916,0.023233,-0.998629,0.002959,-0.999920,-0.012321,0.001483,0.328563
222,0.526794,-0.071032,0.499977,-0.049463,0.022760,-0.998517,0.002664,-0.999890,-0.014613,0.001485,0.330048
223,0.526801,-0.072520,0.499888,-0.050204,0.024054,-0.998449,0.002290,-0.999850,-0.017142,0.001490,0.331538
224,0.526799,-0.074018,0.499822,-0.050946,0.025349,-0.998380,0.001876,-0.999802,-0.019835,0.001499,0.333038
225,0.526809,-0.075507,0.499845,-0.051687,0.026502,-0.998312,0.001354,-0.999748,-0.022430,0.001490,0.334527
226,0.526818,-0.076994,0.499867,-0.052430,0.026236,-0.998280,0.000522,-0.999694,-0.024716,0.001487,0.336014
227,0.526831,-0.078478,0.499930,-0.053173,0.025970,-0.998248,-0.000888,-0.999642,-0.026732,0.001485,0.337499
228,0.526846,-0.079958,0.500012,-0.053290,0.026332,-0.998232,-0.003191,-0.999586,-0.028579,0.001483,0.338982
229,0.526875,-0.081454,0.500079,-0.053406,0.026695,-0.998216,-0.006722,-0.999520,-0.030238,0.001498,0.340479
230,0.526884,-0.082938,0.500080,-0.054440,0.026381,-0.998168,-0.011818,-0.999433,-0.031525,0.001484,0.341964
231,0.526885,-0.084466,0.500024,-0.055474,0.025404,-0.998137,-0.018864,-0.999297,-0.032414,0.001529,0.343493
232,0.526865,-0.085933,0.499846,-0.056421,0.024514,-0.998106,-0.028257,-0.999052,-0.033120,0.001478,0.344971
233,0.526842,-0.087403,0.499668,-0.057367,0.023625,-0.998074,-0.040369,-0.998616,-0.033706,0.001481,0.346452
234,0.526824,-0.088877,0.499533,-0.056038,0.024392,-0.998131,-0.055577,-0.997871,-0.034116,0.001480,0.347932
235,0.526812,-0.090358,0.499410,-0.054707,0.026423,-0.998153,-0.074264,-0.996644,-0.034424,0.001485,0.349417
236,0.526796,-0.091833,0.499239,-0.055550,0.029049,-0.998033,-0.096700,-0.994706,-0.034776,0.001486,0.350903
237,0.526778,-0.093309,0.499063,-0.056352,0.030161,-0.997955,-0.122974,-0.991782,-0.035296,0.001487,0.352390
238,0.526788,-0.094814,0.498935,-0.057153,0.031274,-0.997875,-0.153093,-0.987563,-0.035795,0.001510,0.353900
239,0.526779,-0.096299,0.498916,-0.057955,0.032425,-0.997792,-0.186978,-0.981714,-0.035727,0.001485,0.355385
240,0.526770,-0.097772,0.498876,-0.058756,0.033577,-0.997708,-0.224490,-0.973854,-0.034828,0.001474,0.356859
241,0.526762,-0.099251,0.498822,-0.057828,0.033857,-0.997752,-0.265546,-0.963523,-0.033307,0.001480,0.358339
242,0.526755,-0.100730,0.498775,-0.056901,0.034138,-0.997796,-0.310019,-0.950216,-0.031277,0.001480,0.359819
243,0.526664,-0.102125,0.498739,-0.055975,0.032940,-0.997889,-0.357635,-0.933428,-0.028441,0.001398,0.361217
244,0.526486,-0.103432,0.498708,-0.055049,0.031742,-0.997979,-0.408050,-0.912623,-0.024789,0.001319,0.362536
245,0.526223,-0.104652,0.498686,-0.052298,0.032372,-0.998107,-0.460901,-0.887211,-0.020665,0.001248,0.363784
246,0.525871,-0.105786,0.498668,-0.049568,0.029298,-0.998341,-0.515705,-0.856612,-0.016248,0.001188,0.364972
247,0.525434,-0.106835,0.498653,-0.046835,0.026222,-0.998558,-0.571836,-0.820287,-0.011560,0.001136,0.366108
248,0.524911,-0.107797,0.498640,-0.044100,0.024143,-0.998735,-0.628611,-0.777692,-0.006647,0.001095,0.367203
249,0.524302,-0.108670,0.498630,-0.038829,0.021816,-0.999008,-0.685193,-0.728359,-0.001974,0.001065,0.368268
250,0.523605,-0.109458,0.498639,-0.032233,0.018149,-0.999316,-0.740582,-0.671964,0.001778,0.001052,0.369320
251,0.522823,-0.110159,0.498666,-0.025630,0.014479,-0.999567,-0.793640,-0.608374,0.004186,0.001051,0.370371
252,0.521959,-0.110771,0.498713,-0.019008,0.011159,-0.999757,-0.843100,-0.537732,0.005159,0.001059,0.371430
253,0.520999,-0.111295,0.498764,-0.012387,0.007839,-0.999893,-0.887698,-0.460403,0.004647,0.001095,0.372525
254,0.519953,-0.111729,0.498765,-0.005768,0.004521,-0.999973,-0.926239,-0.376928,0.002499,0.001133,0.373658
255,0.518822,-0.112073,0.498694,-0.000067,0.002127,-0.999998,-0.957607,-0.288076,-0.000874,0.001184,0.374842
256,0.517587,-0.112330,0.498723,0.004837,0.000538,-0.999988,-0.980810,-0.194906,-0.004791,0.001262,0.376104
257,0.516266,-0.112515,0.498853,0.009705,0.001522,-0.999952,-0.995080,-0.098665,-0.009020,0.001340,0.377444
258,0.514863,-0.112605,0.498939,0.007094,-0.002763,-0.999971,-0.999909,-0.000776,-0.013445,0.001408,0.378853
259,0.513461,-0.112521,0.499032,0.001876,-0.004447,-0.999988,-0.995113,0.097140,-0.017697,0.001408,0.380260
260,0.512150,-0.112345,0.499123,-0.003349,-0.006133,-0.999976,-0.980866,0.193524,-0.021225,0.001326,0.381586
261,0.510907,-0.112075,0.499272,-0.008583,-0.005984,-0.999945,-0.957633,0.286974,-0.024173,0.001281,0.382867
262,0.509767,-0.111724,0.499265,-0.013904,-0.005585,-0.999888,-0.926159,0.376195,-0.026602,0.001193,0.384060
263,0.508719,-0.111284,0.499259,-0.019230,-0.005185,-0.999802,-0.887405,0.460117,-0.028355,0.001137,0.385197
264,0.507759,-0.110759,0.499255,-0.022317,-0.006176,-0.999732,-0.842481,0.537919,-0.029481,0.001094,0.386291
265,0.506885,-0.110146,0.499252,-0.025404,-0.007168,-0.999652,-0.792591,0.609019,-0.029913,0.001067,0.387358
266,0.506098,-0.109391,0.499148,-0.028492,-0.007433,-0.999566,-0.739034,0.673001,-0.029978,0.001095,0.388453
267,0.505399,-0.108613,0.499030,-0.031581,-0.007697,-0.999472,-0.683097,0.729705,-0.030155,0.001053,0.389506
268,0.504786,-0.107748,0.498900,-0.034671,-0.007962,-0.999367,-0.625990,0.779230,-0.030605,0.001068,0.390574
269,0.504245,-0.106802,0.498726,-0.035163,-0.010346,-0.999328,-0.568756,0.821917,-0.031108,0.001104,0.391678
270,0.503828,-0.105777,0.498519,-0.035657,-0.007051,-0.999339,-0.512245,0.858259,-0.031583,0.001126,0.392804
271,0.503498,-0.104665,0.498309,-0.035228,-0.003754,-0.999372,-0.457154,0.888796,-0.032424,0.001179,0.393983
272,0.503252,-0.103415,0.498106,-0.033311,-0.001991,-0.999443,-0.404094,0.914107,-0.033405,0.001289,0.395272
273,0.503073,-0.102105,0.498067,-0.031393,-0.000228,-0.999507,-0.353566,0.934799,-0.033797,0.001323,0.396595
274,0.502996,-0.100707,0.498038,-0.028414,0.003890,-0.999589,-0.305956,0.951469,-0.033127,0.001400,0.397996
275,0.503004,-0.099222,0.498017,-0.027698,0.002524,-0.999613,-0.261575,0.964672,-0.031420,0.001485,0.399480
276,0.503002,-0.097730,0.498022,-0.025659,0.002229,-0.999668,-0.220717,0.974915,-0.028719,0.001493,0.400973
277,0.502994,-0.096241,0.498163,-0.021423,0.001332,-0.999770,-0.183543,0.982692,-0.025056,0.001495,0.402468
278,0.503026,-0.094765,0.498369,-0.016718,0.001450,-0.999859,-0.150166,0.988449,-0.020482,0.001491,0.403959
279,0.503013,-0.093287,0.498287,-0.012007,0.000154,-0.999928,-0.120667,0.992582,-0.014829,0.001480,0.405439
280,0.502995,-0.091810,0.498207,-0.007294,-0.001143,-0.999973,-0.095028,0.995438,-0.008537,0.001480,0.406919
281,0.502977,-0.090322,0.498146,-0.002579,-0.002440,-0.999994,-0.073190,0.997316,-0.002168,0.001489,0.408408
282,0.502989,-0.088839,0.498217,0.002134,-0.004409,-0.999988,-0.055092,0.998472,0.004264,0.001485,0.409893
283,0.502998,-0.087357,0.498287,0.006863,-0.004437,-0.999967,-0.040481,0.999123,0.010691,0.001484,0.411376
284,0.502996,-0.085872,0.498343,0.011596,-0.004464,-0.999923,-0.028900,0.999449,0.016335,0.001486,0.412862
285,0.502984,-0.084390,0.498322,0.014258,-0.005554,-0.999883,-0.019998,0.999591,0.020423,0.001482,0.414344
286,0.502975,-0.082910,0.498327,0.016921,-0.006643,-0.999835,-0.013446,0.999635,0.023446,0.001480,0.415824
287,0.502967,-0.081426,0.498342,0.019583,-0.003981,-0.999800,-0.008818,0.999629,0.025779,0.001484,0.417308
288,0.502956,-0.079943,0.498356,0.022244,0.000081,-0.999753,-0.005703,0.999611,0.027304,0.001483,0.418791
289,0.502964,-0.078483,0.498291,0.024904,0.004142,-0.999681,-0.003731,0.999602,0.027952,0.001462,0.420254
290,0.502958,-0.076929,0.498299,0.024736,0.008584,-0.999657,-0.002603,0.999615,0.027635,0.001553,0.421807
291,0.502959,-0.075471,0.498525,0.024568,0.013024,-0.999613,-0.002064,0.999641,0.026712,0.001476,0.423283
292,0.502960,-0.074011,0.498737,0.024396,0.018195,-0.999537,-0.001852,0.999670,0.025627,0.001475,0.424758
293,0.502954,-0.072529,0.498832,0.023958,0.019418,-0.999524,-0.001710,0.999696,0.024584,0.001485,0.426243
294,0.502933,-0.071074,0.499058,0.023519,0.020641,-0.999510,-0.001549,0.999719,0.023657,0.001473,0.427716
295,0.502930,-0.069557,0.499082,0.023081,0.021864,-0.999494,-0.001393,0.999732,0.023102,0.001517,0.429233
296,0.502915,-0.068081,0.499127,0.022570,0.023217,-0.999476,-0.001237,0.999727,0.023338,0.001477,0.430710
297,0.502909,-0.066597,0.499198,0.022864,0.022498,-0.999485,-0.001084,0.999711,0.024009,0.001486,0.432195
298,0.502904,-0.065113,0.499269,0.023889,0.019021,-0.999534,-0.000966,0.999704,0.024304,0.001486,0.433682
299,0.502904,-0.063616,0.499294,0.032425,0.020836,-0.999257,-0.000902,0.999712,0.023984,0.001497,0.435178
300,0.502908,-0.062132,0.499280,0.040944,0.022645,-0.998905,-0.000859,0.999725,0.023433,0.001484,0.436662
301,0.502910,-0.060648,0.499266,0.049445,0.024665,-0.998472,-0.000777,0.999741,0.022764,0.001485,0.438147
302,0.502915,-0.059160,0.499206,0.055310,0.021501,-0.998238,-0.000662,0.999759,0.021951,0.001489,0.439635
303,0.502933,-0.057675,0.499125,0.061162,0.018342,-0.997959,-0.000540,0.999778,0.021087,0.001488,0.441123
304,0.502931,-0.056192,0.499138,0.067002,0.015187,-0.997637,-0.000396,0.999801,0.019950,0.001483,0.442606
305,0.502930,-0.054708,0.499149,0.070727,0.015440,-0.997376,-0.000235,0.999832,0.018337,0.001484,0.444090
306,0.502938,-0.053225,0.499099,0.076623,0.017872,-0.996900,-0.000080,0.999869,0.016212,0.001484,0.445574
307,0.502947,-0.051742,0.499050,0.082512,0.019717,-0.996395,0.000073,0.999907,0.013616,0.001484,0.447058
308,0.502948,-0.050251,0.499065,0.088391,0.021560,-0.995853,0.000262,0.999942,0.010763,0.001491,0.448549
309,0.502947,-0.048768,0.499099,0.094259,0.023400,-0.995273,0.000469,0.999965,0.008325,0.001484,0.450033
310,0.502944,-0.047284,0.499137,0.097573,0.026786,-0.994868,0.000625,0.999976,0.006856,0.001484,0.451517
311,0.502943,-0.045803,0.499178,0.100869,0.024521,-0.994598,0.000736,0.999981,0.006143,0.001482,0.452998
312,0.502940,-0.044319,0.499237,0.104161,0.022257,-0.994311,0.000819,0.999982,0.006007,0.001485,0.454483
313,0.502938,-0.042838,0.499293,0.105200,0.023015,-0.994185,0.000864,0.999979,0.006388,0.001483,0.455966
314,0.502937,-0.041353,0.499345,0.106241,0.021576,-0.994106,0.000858,0.999974,0.007121,0.001485,0.457451
315,0.502935,-0.039870,0.499398,0.106202,0.017799,-0.994185,0.000785,0.999965,0.008302,0.001485,0.458936
316,0.502932,-0.038387,0.499455,0.106164,0.017817,-0.994189,0.000668,0.999949,0.010045,0.001483,0.460419
317,0.502935,-0.036897,0.499440,0.101409,0.020220,-0.994639,0.000547,0.999925,0.012223,0.001490,0.461910
318,0.502931,-0.035416,0.499465,0.096614,0.018090,-0.995157,0.000442,0.999893,0.014598,0.001482,0.463391
319,0.502930,-0.033932,0.499493,0.091814,0.015958,-0.995648,0.000312,0.999856,0.016950,0.001484,0.464875
320,0.502928,-0.032449,0.499520,0.089610,0.017855,-0.995817,0.000184,0.999816,0.019179,0.001484,0.466359
321,0.502926,-0.030967,0.499555,0.087405,0.019751,-0.995977,0.000123,0.999780,0.020980,0.001482,0.467841
322,0.502943,-0.029472,0.499509,0.085199,0.021648,-0.996129,0.000095,0.999751,0.022311,0.001495,0.469337
323,0.502944,-0.028000,0.499391,0.081179,0.022521,-0.996445,0.000069,0.999724,0.023510,0.001477,0.470813
324,0.502945,-0.026529,0.499273,0.076408,0.020720,-0.996861,0.000054,0.999697,0.024625,0.001476,0.472289
325,0.502946,-0.025032,0.499176,0.071637,0.018919,-0.997251,0.000073,0.999675,0.025510,0.001500,0.473789
326,0.502976,-0.023518,0.499196,0.068926,0.018173,-0.997456,0.000142,0.999663,0.025947,0.001515,0.475304
327,0.502967,-0.022041,0.499321,0.066214,0.017345,-0.997655,0.000242,0.999664,0.025918,0.001482,0.476786
328,0.502957,-0.020564,0.499446,0.062934,0.015948,-0.997890,0.000340,0.999673,0.025551,0.001482,0.478268
329,0.502952,-0.019092,0.499571,0.059653,0.013163,-0.998132,0.000398,0.999686,0.025039,0.001477,0.479745
330,0.502953,-0.017610,0.499669,0.056369,0.010377,-0.998356,0.000423,0.999698,0.024559,0.001485,0.481231
331,0.502948,-0.016132,0.499760,0.053338,0.007462,-0.998549,0.000430,0.999714,0.023927,0.001481,0.482712
332,0.502942,-0.014655,0.499850,0.050312,0.003610,-0.998727,0.000416,0.999731,0.023176,0.001480,0.484191
333,0.502939,-0.013182,0.499964,0.046928,-0.001179,-0.998898,0.000371,0.999752,0.022264,0.001477,0.485669
334,0.502936,-0.011692,0.500051,0.043783,-0.005420,-0.999026,0.000302,0.999786,0.020672,0.001493,0.487161
335,0.502938,-0.010205,0.500059,0.040635,-0.009664,-0.999127,0.000256,0.999836,0.018113,0.001487,0.488648
336,0.502943,-0.008716,0.500067,0.037618,-0.010543,-0.999237,0.000220,0.999893,0.014644,0.001489,0.490137
337,0.502940,-0.007221,0.500092,0.034673,-0.011552,-0.999332,0.000158,0.999944,0.010553,0.001495,0.491632
338,0.502953,-0.005734,0.500301,0.031727,-0.011304,-0.999433,0.000077,0.999981,0.006142,0.001502,0.493134
339,0.502949,-0.004249,0.500242,0.028503,-0.012019,-0.999521,0.000012,0.999999,0.001696,0.001486,0.494620
340,0.502945,-0.002770,0.500342,0.025503,-0.011756,-0.999606,-0.000010,0.999996,-0.002781,0.001483,0.496103
341,0.502945,-0.001288,0.500443,0.022503,-0.011492,-0.999681,0.000011,0.999972,-0.007472,0.001485,0.497588
342,0.502943,0.000194,0.500544,0.019689,-0.011792,-0.999737,0.000043,0.999924,-0.012317,0.001485,0.499073
343,0.502945,0.001712,0.500547,0.020047,-0.008499,-0.999763,0.000075,0.999854,-0.017090,0.001519,0.500592
344,0.502959,0.003203,0.500469,0.020405,-0.005205,-0.999778,0.000146,0.999767,-0.021566,0.001493,0.502085
345,0.502961,0.004681,0.500374,0.020762,-0.000397,-0.999784,0.000239,0.999670,-0.025670,0.001481,0.503566
346,0.502958,0.006163,0.500278,0.021119,0.002559,-0.999774,0.000310,0.999578,-0.029045,0.001485,0.505051
347,0.502952,0.007638,0.500181,0.019299,0.003337,-0.999808,0.000381,0.999507,-0.031397,0.001478,0.506529
348,0.502954,0.009127,0.500072,0.017755,0.004202,-0.999834,0.000456,0.999461,-0.032826,0.001492,0.508021
349,0.502954,0.010610,0.499937,0.016217,0.002518,-0.999865,0.000525,0.999439,-0.033479,0.001490,0.509512
350,0.502953,0.012095,0.499801,0.014678,0.000836,-0.999892,0.000568,0.999438,-0.033517,0.001491,0.511003
351,0.502954,0.013580,0.499665,0.013137,-0.000279,-0.999914,0.000569,0.999460,-0.032867,0.001491,0.512494
352,0.502955,0.015057,0.499480,0.011595,-0.001394,-0.999932,0.000534,0.999502,-0.031552,0.001488,0.513982
353,0.502952,0.016526,0.499287,0.010895,-0.003351,-0.999935,0.000494,0.999556,-0.029782,0.001482,0.515464
354,0.502949,0.017992,0.499083,0.011017,-0.004659,-0.999928,0.000471,0.999616,-0.027722,0.001480,0.516944
355,0.502947,0.019460,0.498879,0.011133,-0.003770,-0.999931,0.000454,0.999675,-0.025469,0.001482,0.518426
356,0.502949,0.020992,0.498779,0.011248,-0.002880,-0.999933,0.000436,0.999743,-0.022683,0.001535,0.519961
357,0.502951,0.022479,0.498778,0.011107,-0.001733,-0.999937,0.000417,0.999812,-0.019379,0.001487,0.521448
358,0.502953,0.023966,0.498777,0.014426,-0.005223,-0.999882,0.000379,0.999875,-0.015820,0.001487,0.522935
359,0.502958,0.025450,0.498763,0.017764,-0.004179,-0.999833,0.000324,0.999930,-0.011853,0.001484,0.524419
360,0.502961,0.026948,0.498739,0.021102,-0.003136,-0.999772,0.000263,0.999972,-0.007463,0.001498,0.525917
361,0.502961,0.028433,0.498783,0.021372,-0.004283,-0.999762,0.000208,0.999996,-0.002803,0.001486,0.527403
362,0.502964,0.029916,0.498819,0.021642,-0.005038,-0.999753,0.000182,0.999998,0.001934,0.001484,0.528887
363,0.502971,0.031416,0.498854,0.019594,-0.008111,-0.999775,0.000176,0.999978,0.006654,0.001500,0.530387
364,0.502972,0.032905,0.498935,0.017546,-0.008697,-0.999808,0.000157,0.999937,0.011257,0.001492,0.531878
365,0.502971,0.034392,0.499083,0.016250,-0.008531,-0.999832,0.000132,0.999877,0.015660,0.001494,0.533373
366,0.502970,0.035864,0.499255,0.014954,-0.008365,-0.999853,0.000100,0.999804,0.019779,0.001482,0.534855
367,0.502969,0.037336,0.499428,0.013656,-0.007349,-0.999880,0.000047,0.999726,0.023399,0.001482,0.536337
368,0.502965,0.038811,0.499579,0.013987,-0.004623,-0.999891,-0.000018,0.999654,0.026311,0.001483,0.537820
369,0.502962,0.040312,0.499710,0.014890,-0.001326,-0.999888,-0.000086,0.999594,0.028480,0.001506,0.539326
370,0.502964,0.041795,0.499733,0.015792,0.001970,-0.999873,-0.000141,0.999550,0.029992,0.001483,0.540809
371,0.502966,0.043279,0.499757,0.016694,0.004228,-0.999852,-0.000184,0.999523,0.030887,0.001484,0.542294
372,0.502966,0.044761,0.499780,0.018227,0.007117,-0.999809,-0.000230,0.999516,0.031121,0.001482,0.543776
373,0.502969,0.046243,0.499755,0.019756,0.010939,-0.999745,-0.000279,0.999532,0.030583,0.001483,0.545258
374,0.502967,0.047723,0.499810,0.021641,0.014963,-0.999654,-0.000324,0.999570,0.029307,0.001480,0.546739
375,0.502965,0.049202,0.499871,0.023525,0.018985,-0.999543,-0.000353,0.999621,0.027523,0.001480,0.548219
376,0.502961,0.050681,0.499932,0.025408,0.022559,-0.999423,-0.000382,0.999677,0.025400,0.001480,0.549699
377,0.502956,0.052159,0.500002,0.027335,0.022965,-0.999362,-0.000408,0.999730,0.023222,0.001479,0.551179
378,0.502952,0.053645,0.500042,0.029263,0.023371,-0.999299,-0.000412,0.999775,0.021216,0.001487,0.552665
379,0.502949,0.055128,0.500046,0.031189,0.023777,-0.999231,-0.000399,0.999811,0.019430,0.001483,0.554149
380,0.502949,0.056613,0.500051,0.032689,0.024734,-0.999159,-0.000377,0.999839,0.017966,0.001485,0.555634
381,0.502950,0.058097,0.500060,0.034429,0.025181,-0.999090,-0.000357,0.999862,0.016627,0.001483,0.557117
382,0.502948,0.059580,0.500095,0.036169,0.025627,-0.999017,-0.000339,0.999884,0.015236,0.001484,0.558601
383,0.502959,0.061076,0.500137,0.037725,0.026423,-0.998939,-0.000313,0.999903,0.013928,0.001497,0.560098
384,0.502954,0.062555,0.500051,0.038733,0.026121,-0.998908,-0.000284,0.999917,0.012876,0.001481,0.561579
385,0.502949,0.064034,0.499966,0.040738,0.026821,-0.998810,-0.000258,0.999925,0.012216,0.001481,0.563061
386,0.502945,0.065513,0.499881,0.042744,0.026007,-0.998748,-0.000243,0.999928,0.012005,0.001481,0.564542
387,0.502942,0.067001,0.499834,0.044749,0.025192,-0.998681,-0.000241,0.999926,0.012199,0.001489,0.566031
388,0.502954,0.068497,0.499869,0.046754,0.024377,-0.998609,-0.000257,0.999919,0.012700,0.001496,0.567528
389,0.502953,0.069979,0.499933,0.048489,0.022561,-0.998569,-0.000299,0.999910,0.013439,0.001484,0.569011
390,0.502952,0.071461,0.499998,0.050221,0.023288,-0.998467,-0.000378,0.999896,0.014397,0.001483,0.570494
391,0.502952,0.072943,0.500041,0.051953,0.024015,-0.998361,-0.000479,0.999878,0.015596,0.001482,0.571977
392,0.502953,0.074429,0.500054,0.053558,0.024871,-0.998255,-0.000575,0.999853,0.017161,0.001486,0.573463
393,0.502953,0.075914,0.500095,0.055165,0.025193,-0.998159,-0.000670,0.999816,0.019172,0.001486,0.574948
394,0.502953,0.077399,0.500135,0.055931,0.026356,-0.998087,-0.000769,0.999767,0.021554,0.001486,0.576434
395,0.502955,0.078885,0.500175,0.056700,0.026049,-0.998051,-0.000896,0.999709,0.024119,0.001487,0.577921
396,0.502957,0.080371,0.500190,0.056319,0.026896,-0.998051,-0.001051,0.999644,0.026653,0.001486,0.579407
397,0.502958,0.081855,0.500213,0.055937,0.027743,-0.998049,-0.001219,0.999578,0.029014,0.001484,0.580890
398,0.502958,0.083338,0.500237,0.055817,0.025065,-0.998126,-0.001386,0.999512,0.031194,0.001483,0.582374
399,0.502957,0.084821,0.500261,0.053537,0.021434,-0.998336,-0.001547,0.999445,0.033282,0.001483,0.583857
400,0.502955,0.086305,0.500296,0.051254,0.017800,-0.998527,-0.001706,0.999383,0.035095,0.001485,0.585342
401,0.502954,0.087790,0.500353,0.048969,0.014163,-0.998700,-0.001764,0.999341,0.036263,0.001486,0.586828
402,0.502949,0.089272,0.500423,0.047139,0.008633,-0.998851,-0.001722,0.999332,0.036517,0.001484,0.588312
403,0.502945,0.090755,0.500494,0.044978,0.002387,-0.998985,-0.001674,0.999358,0.035784,0.001484,0.589796
404,0.502940,0.092236,0.500563,0.045131,-0.001545,-0.998980,-0.001626,0.999419,0.034033,0.001483,0.591279
405,0.502939,0.093723,0.500633,0.045283,-0.005481,-0.998959,-0.001579,0.999513,0.031172,0.001488,0.592767
406,0.502928,0.095201,0.500756,0.045385,-0.003438,-0.998964,-0.001511,0.999626,0.027288,0.001484,0.594251
407,0.502917,0.096680,0.500878,0.048447,0.001537,-0.998825,-0.001420,0.999745,0.022526,0.001484,0.595735
408,0.502907,0.098157,0.501001,0.051512,0.005661,-0.998656,-0.001322,0.999854,0.017009,0.001482,0.597217
409,0.502903,0.099640,0.501081,0.052948,0.008154,-0.998564,-0.001111,0.999937,0.011140,0.001485,0.598702
410,0.502900,0.101126,0.501149,0.054385,0.010648,-0.998463,-0.000788,0.999985,0.005335,0.001487,0.600189
411,0.502897,0.102612,0.501216,0.055830,0.009673,-0.998393,-0.000486,1.000000,-0.000088,0.001488,0.601677
412,0.502893,0.104094,0.501287,0.057275,0.009739,-0.998311,-0.000292,0.999989,-0.004714,0.001484,0.603161
413,0.502887,0.105579,0.501350,0.058088,0.009170,-0.998269,-0.000188,0.999963,-0.008655,0.001486,0.604647
414,0.502881,0.107057,0.501392,0.056494,0.011017,-0.998342,-0.000064,0.999925,-0.012245,0.001479,0.606126
415,0.502872,0.108530,0.501434,0.054892,0.011638,-0.998424,0.000095,0.999880,-0.015477,0.001474,0.607599
416,0.502877,0.109981,0.501481,0.053290,0.012259,-0.998504,0.000275,0.999837,-0.018070,0.001451,0.609050
417,0.502864,0.111434,0.501591,0.051687,0.013327,-0.998574,0.000468,0.999805,-0.019756,0.001457,0.610508
418,0.502860,0.112999,0.501513,0.049640,0.014481,-0.998662,0.000663,0.999790,-0.020501,0.001568,0.612076
419,0.502919,0.114535,0.501299,0.047607,0.017717,-0.998709,0.000851,0.999791,-0.020415,0.001552,0.613627
420,0.502925,0.116014,0.501081,0.046841,0.022183,-0.998656,0.000912,0.999801,-0.019926,0.001495,0.615122
421,0.502929,0.117491,0.500863,0.046073,0.026348,-0.998591,0.000858,0.999809,-0.019529,0.001492,0.616615
422,0.502932,0.118956,0.500590,0.044838,0.030048,-0.998542,0.000860,0.999815,-0.019190,0.001491,0.618106
423,0.502930,0.120389,0.500279,0.043601,0.033751,-0.998479,0.000898,0.999825,-0.018685,0.001466,0.619572
424,0.502928,0.121820,0.499959,0.042361,0.031751,-0.998598,0.000928,0.999842,-0.017728,0.001466,0.621038
425,0.502924,0.123253,0.499639,0.043247,0.032022,-0.998551,0.000928,0.999874,-0.015838,0.001469,0.622507
426,0.502917,0.124928,0.499356,0.043128,0.031285,-0.998580,0.000810,0.999917,-0.012868,0.001698,0.624205
427,0.503015,0.126499,0.499448,0.043009,0.030547,-0.998608,0.000560,0.999958,-0.009117,0.001577,0.625782
428,0.502992,0.127944,0.499659,0.042894,0.028521,-0.998672,0.000257,0.999989,-0.004769,0.001461,0.627243
429,0.502971,0.129394,0.499870,0.042778,0.026494,-0.998733,-0.000054,1.000000,0.000304,0.001465,0.628707
430,0.502951,0.130848,0.500083,0.042658,0.025389,-0.998767,-0.000351,0.999980,0.006245,0.001470,0.630177
431,0.502947,0.132341,0.500122,0.042537,0.024284,-0.998800,-0.000622,0.999915,0.013012,0.001494,0.631671
432,0.502951,0.133840,0.500128,0.043161,0.022428,-0.998816,-0.000870,0.999790,0.020471,0.001499,0.633170
433,0.502959,0.135341,0.500134,0.043908,0.019176,-0.998852,-0.001119,0.999598,0.028321,0.001500,0.634671
434,0.502955,0.136851,0.500219,0.042989,0.014796,-0.998966,-0.001478,0.999358,0.035806,0.001512,0.636183
435,0.502958,0.138325,0.500334,0.042069,0.010414,-0.999060,-0.001909,0.999107,0.042211,0.001479,0.637662
436,0.502948,0.139799,0.500411,0.041148,0.006029,-0.999135,-0.002214,0.998891,0.047026,0.001476,0.639138
437,0.502937,0.141272,0.500489,0.041379,-0.000379,-0.999143,-0.002311,0.998746,0.050012,0.001475,0.640613
438,0.502924,0.142750,0.500569,0.041609,-0.006792,-0.999111,-0.002221,0.998670,0.051506,0.001479,0.642093
439,0.502915,0.144247,0.500675,0.041839,-0.009911,-0.999075,-0.002041,0.998660,0.051715,0.001501,0.643594
440,0.502918,0.145724,0.500898,0.044252,-0.010856,-0.998961,-0.001814,0.998724,0.050478,0.001493,0.645088
441,0.502905,0.147172,0.501189,0.046979,-0.002451,-0.998893,-0.001538,0.998867,0.047573,0.001478,0.646565
442,0.502892,0.148621,0.501481,0.049703,0.005958,-0.998746,-0.001214,0.999079,0.042898,0.001477,0.648043
443,0.502885,0.150062,0.501772,0.052401,0.015827,-0.998501,-0.000835,0.999328,0.036657,0.001471,0.649513
444,0.502882,0.151630,0.501853,0.055420,0.026004,-0.998124,-0.000429,0.999562,0.029604,0.001570,0.651083
445,0.502857,0.153087,0.501874,0.057930,0.036656,-0.997647,0.000068,0.999738,0.022907,0.001457,0.652540
446,0.502857,0.154569,0.501953,0.060441,0.044006,-0.997201,0.000629,0.999851,0.017248,0.001485,0.654025
447,0.502856,0.156049,0.502031,0.063023,0.045385,-0.996980,0.001015,0.999917,0.012830,0.001481,0.655506
448,0.502855,0.157540,0.502090,0.062644,0.043824,-0.997073,0.001240,0.999955,0.009418,0.001493,0.656999
449,0.502858,0.159013,0.502091,0.061918,0.042610,-0.997171,0.001399,0.999978,0.006504,0.001472,0.658471
450,0.502858,0.160485,0.502092,0.061196,0.038940,-0.997366,0.001516,0.999992,0.003792,0.001472,0.659944
451,0.502857,0.161957,0.502093,0.060474,0.035270,-0.997546,0.001593,0.999997,0.001594,0.001472,0.661416
452,0.502844,0.163443,0.502048,0.059739,0.035080,-0.997597,0.001640,0.999999,0.000326,0.001487,0.662903
453,0.502854,0.164969,0.501935,0.059004,0.034890,-0.997648,0.001648,0.999999,-0.000044,0.001530,0.664433
454,0.502901,0.166485,0.501732,0.057571,0.035399,-0.997714,0.001585,0.999999,0.000150,0.001530,0.665963
455,0.502920,0.167963,0.501510,0.058556,0.032456,-0.997756,0.001481,0.999999,0.000281,0.001495,0.667458
456,0.502939,0.169437,0.501288,0.059545,0.030743,-0.997752,0.001398,0.999999,-0.000141,0.001490,0.668948
457,0.502958,0.170894,0.501043,0.060534,0.029030,-0.997744,0.001341,0.999999,-0.001031,0.001478,0.670426
458,0.502979,0.172338,0.500773,0.060223,0.028622,-0.997775,0.001337,0.999996,-0.002319,0.001469,0.671895
459,0.503000,0.173781,0.500504,0.060178,0.028407,-0.997783,0.001381,0.999993,-0.003584,0.001467,0.673363
460,0.503021,0.175221,0.500235,0.060117,0.026107,-0.997850,0.001408,0.999990,-0.004308,0.001466,0.674828
461,0.503053,0.177080,0.500017,0.058786,0.022580,-0.998015,0.001349,0.999991,-0.004119,0.001872,0.676700
462,0.503032,0.178505,0.500299,0.055816,0.020711,-0.998226,0.001215,0.999994,-0.003093,0.001453,0.678153
463,0.503009,0.179932,0.500582,0.052822,0.016504,-0.998468,0.001015,0.999998,-0.001474,0.001456,0.679608
464,0.502986,0.181364,0.500866,0.051745,0.014219,-0.998559,0.000734,0.999999,0.000966,0.001460,0.681068
465,0.502962,0.182795,0.501173,0.050678,0.017629,-0.998559,0.000400,0.999989,0.004580,0.001464,0.682532
466,0.502951,0.184282,0.501354,0.047485,0.018906,-0.998693,0.000024,0.999957,0.009301,0.001498,0.684030
467,0.502943,0.185771,0.501476,0.044291,0.020183,-0.998815,-0.000394,0.999888,0.014970,0.001494,0.685524
468,0.502935,0.187264,0.501598,0.041089,0.019619,-0.998963,-0.000853,0.999768,0.021535,0.001498,0.687022
469,0.502930,0.188756,0.501729,0.039492,0.021945,-0.998979,-0.001315,0.999594,0.028469,0.001498,0.688520
470,0.502921,0.190254,0.501822,0.037895,0.024271,-0.998987,-0.001730,0.999386,0.034981,0.001501,0.690021
471,0.502918,0.191722,0.501816,0.036297,0.026597,-0.998987,-0.002087,0.999164,0.040817,0.001468,0.691489
472,0.502916,0.193192,0.501810,0.034702,0.026827,-0.999038,-0.002323,0.998951,0.045731,0.001471,0.692959
473,0.502914,0.194666,0.501805,0.029503,0.024950,-0.999253,-0.002445,0.998762,0.049693,0.001474,0.694433
474,0.502914,0.196141,0.501841,0.024308,0.024338,-0.999408,-0.002508,0.998600,0.052836,0.001475,0.695908
475,0.502913,0.197623,0.501820,0.020778,0.025385,-0.999462,-0.002428,0.998486,0.054951,0.001483,0.697391
476,0.502913,0.199104,0.501794,0.017248,0.026432,-0.999502,-0.002221,0.998453,0.055555,0.001480,0.698871
477,0.502914,0.200583,0.501769,0.013709,0.028847,-0.999490,-0.001980,0.998507,0.054582,0.001480,0.700351
478,0.502903,0.202075,0.501791,0.010179,0.032110,-0.999432,-0.001698,0.998635,0.052205,0.001491,0.701842
479,0.502903,0.203559,0.501858,0.006653,0.035370,-0.999352,-0.001368,0.998815,0.048641,0.001486,0.703328
480,0.502904,0.205041,0.501939,0.005469,0.036318,-0.999325,-0.001025,0.999005,0.044591,0.001484,0.704813
481,0.502902,0.206521,0.502020,0.004289,0.039978,-0.999191,-0.000733,0.999169,0.040746,0.001482,0.706295
482,0.502890,0.208008,0.502124,0.002805,0.034344,-0.999406,-0.000472,0.999312,0.037073,0.001491,0.707786
483,0.502895,0.209472,0.502286,0.001323,0.028713,-0.999587,-0.000229,0.999437,0.033539,0.001472,0.709258
484,0.502895,0.210965,0.502332,0.002564,0.020380,-0.999789,-0.000004,0.999547,0.030111,0.001494,0.710752
485,0.502900,0.212449,0.502488,0.003837,0.016584,-0.999855,0.000227,0.999645,0.026640,0.001492,0.712244
486,0.502904,0.213930,0.502644,0.005609,0.012306,-0.999909,0.000425,0.999733,0.023120,0.001490,0.713734
487,0.502909,0.215409,0.502800,0.007353,0.011292,-0.999909,0.000605,0.999807,0.019659,0.001487,0.715221
488,0.502911,0.216903,0.502875,0.009097,0.010277,-0.999906,0.000810,0.999863,0.016525,0.001497,0.716717
489,0.502901,0.218373,0.502983,0.012913,0.007131,-0.999891,0.001014,0.999904,0.013803,0.001474,0.718191
490,0.502897,0.219848,0.503124,0.017082,0.005533,-0.999839,0.001204,0.999937,0.011175,0.001482,0.719673
491,0.502893,0.221322,0.503265,0.021251,0.006384,-0.999754,0.001392,0.999963,0.008486,0.001481,0.721153
492,0.502888,0.222840,0.503366,0.025423,0.007235,-0.999651,0.001589,0.999982,0.005750,0.001522,0.722675
493,0.502943,0.224379,0.503325,0.027265,0.010469,-0.999573,0.001655,0.999994,0.003008,0.001541,0.724215
494,0.502932,0.225849,0.503167,0.029108,0.013705,-0.999482,0.001354,0.999999,0.000216,0.001478,0.725694
495,0.502921,0.227321,0.503010,0.031667,0.014177,-0.999398,0.000395,0.999996,-0.002647,0.001480,0.727174
496,0.502915,0.228792,0.502852,0.034226,0.015680,-0.999291,-0.001533,0.999984,-0.005409,0.001480,0.728653
497,0.502916,0.230274,0.502774,0.033113,0.020830,-0.999235,-0.004761,0.999956,-0.008027,0.001484,0.730138
498,0.502921,0.231763,0.502698,0.031997,0.025983,-0.999150,-0.009633,0.999898,-0.010531,0.001490,0.731628
499,0.502925,0.233252,0.502622,0.032182,0.029835,-0.999037,-0.016491,0.999778,-0.013079,0.001491,0.733119
500,0.502934,0.234727,0.502456,0.032367,0.033227,-0.998924,-0.025784,0.999549,-0.015382,0.001485,0.734604
501,0.502944,0.236221,0.502335,0.034350,0.036616,-0.998739,-0.037888,0.999142,-0.016711,0.001498,0.736102
502,0.502946,0.237701,0.502284,0.036333,0.040006,-0.998539,-0.053127,0.998445,-0.016902,0.001481,0.737583
503,0.502949,0.239181,0.502234,0.039966,0.041733,-0.998329,-0.071885,0.997284,-0.016064,0.001481,0.739065
504,0.502972,0.240643,0.502151,0.043619,0.045801,-0.997998,-0.094386,0.995431,-0.014425,0.001464,0.740528
505,0.502992,0.242164,0.501983,0.045350,0.047949,-0.997820,-0.120739,0.992610,-0.012146,0.001531,0.742059
506,0.502982,0.243645,0.502043,0.044480,0.049291,-0.997794,-0.150948,0.988497,-0.009413,0.001482,0.743541
507,0.502973,0.245126,0.502102,0.043609,0.050634,-0.997765,-0.184973,0.982723,-0.006359,0.001483,0.745024
508,0.502965,0.246608,0.502162,0.042738,0.051977,-0.997733,-0.222754,0.974871,-0.002783,0.001483,0.746507
509,0.502986,0.248083,0.502118,0.041871,0.055165,-0.997599,-0.264205,0.964465,0.001558,0.001475,0.747983
510,0.502989,0.249579,0.502141,0.039393,0.056750,-0.997611,-0.309136,0.950995,0.006667,0.001496,0.749479
511,0.502905,0.250975,0.502167,0.038338,0.058018,-0.997579,-0.357213,0.933946,0.012010,0.001398,0.750877
512,0.502740,0.252283,0.502171,0.037283,0.059285,-0.997545,-0.408116,0.912771,0.017071,0.001319,0.752196
513,0.502454,0.253530,0.502212,0.036222,0.062652,-0.997378,-0.461478,0.886891,0.021488,0.001280,0.753476
514,0.502093,0.254655,0.502312,0.038023,0.068859,-0.996902,-0.516777,0.855759,0.024868,0.001185,0.754661
515,0.501656,0.255682,0.502325,0.038657,0.073912,-0.996515,-0.573393,0.818827,0.027254,0.001116,0.755777
516,0.501136,0.256641,0.502301,0.039289,0.078959,-0.996103,-0.630602,0.775567,0.028913,0.001092,0.756869
517,0.500471,0.257570,0.502285,0.039920,0.083999,-0.995666,-0.687539,0.725529,0.029973,0.001143,0.758012
518,0.499769,0.258330,0.502451,0.040565,0.087537,-0.995335,-0.743161,0.668425,0.030342,0.001048,0.759060
519,0.498980,0.259003,0.502603,0.040471,0.090340,-0.995088,-0.796290,0.604172,0.029970,0.001048,0.760108
520,0.498104,0.259591,0.502741,0.040377,0.093141,-0.994834,-0.845663,0.532941,0.028777,0.001064,0.761172
521,0.497142,0.260106,0.502803,0.037929,0.098232,-0.994441,-0.890027,0.455134,0.026543,0.001093,0.762265
522,0.496094,0.260536,0.502836,0.035496,0.100636,-0.994290,-0.928197,0.371355,0.023360,0.001133,0.763397
523,0.494959,0.260883,0.502848,0.033067,0.100650,-0.994372,-0.959090,0.282433,0.019415,0.001188,0.764585
524,0.493737,0.261146,0.502840,0.030638,0.100663,-0.994449,-0.981786,0.189398,0.015000,0.001250,0.765835
525,0.492429,0.261326,0.502810,0.025459,0.103332,-0.994321,-0.995570,0.093461,0.010274,0.001320,0.767155
526,0.491011,0.261403,0.502806,0.020267,0.101514,-0.994628,-0.999978,-0.003932,0.005306,0.001420,0.768575
527,0.489620,0.261303,0.502871,0.014409,0.100361,-0.994847,-0.994865,-0.101215,0.000298,0.001396,0.769972
528,0.488315,0.261118,0.502917,0.011044,0.100399,-0.994886,-0.980420,-0.196867,-0.004583,0.001319,0.771290
529,0.487097,0.260849,0.502945,0.007680,0.100436,-0.994914,-0.957131,-0.289514,-0.009081,0.001248,0.772538
530,0.485965,0.260495,0.502954,0.002245,0.102550,-0.994725,-0.925741,-0.377930,-0.013163,0.001186,0.773724
531,0.484919,0.260056,0.502961,-0.003186,0.102783,-0.994699,-0.887193,-0.461092,-0.016821,0.001134,0.774858
532,0.483961,0.259540,0.502884,-0.008613,0.099939,-0.994956,-0.842574,-0.538213,-0.019896,0.001091,0.775949
533,0.483089,0.258939,0.502795,-0.012197,0.098912,-0.995021,-0.793080,-0.608701,-0.022501,0.001063,0.777012
534,0.482304,0.258253,0.502693,-0.013462,0.095553,-0.995333,-0.739977,-0.672169,-0.024974,0.001048,0.778060
535,0.481599,0.257468,0.502614,-0.014726,0.092192,-0.995632,-0.684500,-0.728501,-0.027312,0.001058,0.779118
536,0.480986,0.256599,0.502556,-0.016022,0.089070,-0.995896,-0.627802,-0.777830,-0.029078,0.001064,0.780182
537,0.480460,0.255646,0.502485,-0.016804,0.086458,-0.996114,-0.570888,-0.820477,-0.030059,0.001091,0.781274
538,0.480021,0.254606,0.502403,-0.013913,0.080219,-0.996680,-0.514614,-0.856879,-0.030499,0.001132,0.782405
539,0.479663,0.253474,0.502319,-0.011019,0.073973,-0.997199,-0.459717,-0.887546,-0.030360,0.001190,0.783596
540,0.479401,0.252258,0.502261,-0.008123,0.067721,-0.997671,-0.406814,-0.913031,-0.029612,0.001245,0.784841
541,0.479226,0.250956,0.502191,-0.005225,0.064514,-0.997903,-0.356389,-0.933909,-0.028315,0.001316,0.786157
542,0.479137,0.249567,0.502109,-0.004122,0.061310,-0.998110,-0.308841,-0.950746,-0.026436,0.001394,0.787551
543,0.479138,0.248063,0.502044,-0.003019,0.058105,-0.998306,-0.264493,-0.964085,-0.024162,0.001505,0.789056
544,0.479144,0.246588,0.502094,-0.001916,0.054900,-0.998490,-0.223582,-0.974443,-0.021739,0.001477,0.790532
545,0.479149,0.245110,0.502144,-0.000347,0.051630,-0.998666,-0.186247,-0.982315,-0.019192,0.001478,0.792011
546,0.479154,0.243631,0.502194,0.001221,0.048360,-0.998829,-0.152591,-0.988151,-0.016550,0.001480,0.793490
547,0.479159,0.242149,0.502232,0.005381,0.045899,-0.998932,-0.122715,-0.992345,-0.013890,0.001483,0.794973
548,0.479151,0.240662,0.502257,0.009540,0.043436,-0.999011,-0.096647,-0.995255,-0.011284,0.001487,0.796460
549,0.479148,0.239182,0.502193,0.014791,0.039870,-0.999095,-0.074351,-0.997194,-0.008753,0.001481,0.797941
550,0.479145,0.237703,0.502130,0.017355,0.035139,-0.999232,-0.055744,-0.998423,-0.006579,0.001480,0.799422
551,0.479142,0.236225,0.502067,0.019917,0.030409,-0.999339,-0.040588,-0.999163,-0.005154,0.001480,0.800902
552,0.479139,0.234729,0.502082,0.021059,0.025992,-0.999440,-0.028545,-0.999582,-0.004576,0.001496,0.802398
553,0.479145,0.233251,0.502102,0.022199,0.021577,-0.999521,-0.019248,-0.999804,-0.004674,0.001478,0.803876
554,0.479141,0.231764,0.502116,0.023286,0.020625,-0.999516,-0.012309,-0.999911,-0.005084,0.001487,0.805363
555,0.479138,0.230277,0.502129,0.024373,0.019674,-0.999509,-0.007353,-0.999958,-0.005529,0.001487,0.806849
556,0.479133,0.228784,0.502147,0.026619,0.019865,-0.999448,-0.004001,-0.999974,-0.005958,0.001494,0.808343
557,0.479122,0.227308,0.502254,0.028864,0.020056,-0.999382,-0.001900,-0.999977,-0.006524,0.001480,0.809823
558,0.479110,0.225829,0.502347,0.031108,0.020881,-0.999298,-0.000712,-0.999973,-0.007332,0.001482,0.811305
559,0.479099,0.224350,0.502440,0.033352,0.021844,-0.999205,-0.000130,-0.999964,-0.008456,0.001482,0.812786
560,0.479088,0.222872,0.502533,0.036334,0.023544,-0.999062,0.000102,-0.999950,-0.010010,0.001481,0.814268
561,0.479087,0.221348,0.502508,0.039316,0.025243,-0.998908,0.000232,-0.999928,-0.012019,0.001524,0.815792
562,0.479095,0.219869,0.502417,0.043517,0.025726,-0.998721,0.000392,-0.999897,-0.014381,0.001482,0.817274
563,0.479102,0.218389,0.502326,0.047717,0.026012,-0.998522,0.000612,-0.999855,-0.017017,0.001482,0.818756
564,0.479110,0.216910,0.502235,0.051916,0.028698,-0.998239,0.000924,-0.999796,-0.020159,0.001482,0.820238
565,0.479116,0.215430,0.502159,0.056112,0.031383,-0.997931,0.001320,-0.999713,-0.023927,0.001483,0.821721
566,0.479126,0.213945,0.502072,0.060305,0.034065,-0.997599,0.001761,-0.999599,-0.028250,0.001487,0.823207
567,0.479134,0.212461,0.501985,0.065169,0.033032,-0.997327,0.002229,-0.999449,-0.033121,0.001487,0.824695
568,0.479142,0.210976,0.501898,0.070686,0.031329,-0.997006,0.002703,-0.999265,-0.038250,0.001488,0.826182
569,0.479152,0.209483,0.501835,0.073739,0.028421,-0.996873,0.003161,-0.999063,-0.043166,0.001494,0.827677
570,0.479141,0.207997,0.501795,0.076790,0.025512,-0.996721,0.003566,-0.998869,-0.047420,0.001486,0.829163
571,0.479140,0.206523,0.501844,0.078733,0.023706,-0.996614,0.003893,-0.998704,-0.050739,0.001475,0.830638
572,0.479138,0.205050,0.501894,0.080672,0.023569,-0.996462,0.004142,-0.998581,-0.053096,0.001474,0.832112
573,0.479137,0.203578,0.501944,0.082599,0.026533,-0.996230,0.004310,-0.998505,-0.054496,0.001473,0.833585
574,0.479144,0.202051,0.501892,0.082710,0.027669,-0.996189,0.004414,-0.998470,-0.055113,0.001528,0.835112
575,0.479155,0.200579,0.501733,0.084389,0.027228,-0.996061,0.004435,-0.998475,-0.055023,0.001481,0.836593
576,0.479166,0.199107,0.501574,0.086065,0.028260,-0.995889,0.004361,-0.998516,-0.054276,0.001481,0.838074
577,0.479178,0.197635,0.501415,0.087104,0.030486,-0.995733,0.004230,-0.998584,-0.053025,0.001481,0.839554
578,0.479190,0.196159,0.501253,0.087636,0.032201,-0.995632,0.004047,-0.998672,-0.051352,0.001485,0.841039
579,0.479204,0.194681,0.501055,0.088167,0.033915,-0.995528,0.003812,-0.998769,-0.049467,0.001491,0.842530
580,0.479218,0.193204,0.500856,0.088672,0.039981,-0.995258,0.003547,-0.998855,-0.047710,0.001490,0.844020
581,0.479231,0.191729,0.500658,0.086767,0.043683,-0.995270,0.003277,-0.998922,-0.046305,0.001489,0.845510
582,0.479256,0.190239,0.500475,0.084872,0.044338,-0.995405,0.003033,-0.998973,-0.045208,0.001501,0.847011
583,0.479263,0.188756,0.500358,0.082977,0.044993,-0.995535,0.002819,-0.999006,-0.044486,0.001488,0.848498
584,0.479271,0.187277,0.500246,0.081081,0.045648,-0.995662,0.002619,-0.999019,-0.044209,0.001483,0.849981
585,0.479279,0.185798,0.500133,0.079219,0.040307,-0.996042,0.002407,-0.999023,-0.044119,0.001483,0.851465
586,0.479288,0.184319,0.500021,0.076886,0.035027,-0.996424,0.002175,-0.999029,-0.043998,0.001483,0.852948
587,0.479302,0.182774,0.499997,0.074548,0.029741,-0.996774,0.001922,-0.999055,-0.043420,0.001546,0.854494
588,0.479289,0.181300,0.500109,0.072205,0.024450,-0.997090,0.001628,-0.999120,-0.041910,0.001477,0.855971
589,0.479275,0.179824,0.500220,0.068375,0.019932,-0.997461,0.001277,-0.999227,-0.039281,0.001481,0.857452
590,0.479263,0.178345,0.500333,0.064017,0.017090,-0.997802,0.000886,-0.999367,-0.035567,0.001483,0.858935
591,0.479260,0.176856,0.500416,0.062345,0.015405,-0.997936,0.000478,-0.999522,-0.030920,0.001492,0.860427
592,0.479264,0.175365,0.500371,0.060673,0.013719,-0.998063,0.000073,-0.999673,-0.025565,0.001492,0.861918
593,0.479262,0.173883,0.500315,0.058999,0.012032,-0.998186,-0.000325,-0.999805,-0.019741,0.001483,0.863402
594,0.479260,0.172400,0.500260,0.056452,0.013255,-0.998317,-0.000726,-0.999909,-0.013481,0.001483,0.864885
595,0.479253,0.170922,0.500209,0.053954,0.011008,-0.998483,-0.001102,-0.999975,-0.006945,0.001479,0.866364
596,0.479242,0.169447,0.500204,0.051455,0.008760,-0.998637,-0.001397,-0.999999,-0.000624,0.001475,0.867840
597,0.479236,0.167958,0.500191,0.048955,0.006512,-0.998780,-0.001605,-0.999985,0.005221,0.001489,0.869328
598,0.479230,0.166469,0.500180,0.046471,0.006773,-0.998897,-0.001748,-0.999946,0.010263,0.001489,0.870817
599,0.479225,0.164982,0.500169,0.043987,0.006399,-0.999012,-0.001836,-0.999896,0.014272,0.001487,0.872304
600,0.479227,0.163486,0.500126,0.041502,0.006026,-0.999120,-0.001859,-0.999850,0.017199,0.001497,0.873801
601,0.479231,0.162021,0.499934,0.039016,0.005652,-0.999223,-0.001823,-0.999818,0.018973,0.001478,0.875279
602,0.479230,0.160548,0.499804,0.040577,0.005276,-0.999163,-0.001756,-0.999805,0.019666,0.001479,0.876757
603,0.479229,0.159077,0.499674,0.040252,0.005460,-0.999175,-0.001653,-0.999812,0.019314,0.001477,0.878234
604,0.479225,0.157611,0.499544,0.039927,0.005840,-0.999186,-0.001519,-0.999836,0.018053,0.001471,0.879706
605,0.479217,0.155980,0.499689,0.039601,0.006221,-0.999196,-0.001342,-0.999870,0.016039,0.001637,0.881343
606,0.479210,0.154524,0.499922,0.039276,0.006601,-0.999207,-0.001144,-0.999909,0.013431,0.001475,0.882818
607,0.479203,0.153067,0.500154,0.038016,0.007158,-0.999251,-0.000996,-0.999942,0.010694,0.001475,0.884293
608,0.479196,0.151611,0.500387,0.036086,0.011446,-0.999283,-0.000905,-0.999965,0.008265,0.001475,0.885768
609,0.479196,0.150133,0.500560,0.034156,0.015733,-0.999293,-0.000837,-0.999981,0.006152,0.001488,0.887256
610,0.479196,0.148649,0.500719,0.032225,0.020019,-0.999280,-0.000768,-0.999991,0.004074,0.001492,0.888748
611,0.479198,0.147168,0.500872,0.030295,0.023719,-0.999260,-0.000691,-0.999998,0.001999,0.001489,0.890237
612,0.479200,0.145687,0.501025,0.028013,0.024855,-0.999299,-0.000593,-1.000000,-0.000241,0.001488,0.891726
613,0.479200,0.144207,0.501178,0.025732,0.024317,-0.999373,-0.000478,-0.999995,-0.002970,0.001488,0.893214
614,0.479214,0.142679,0.501136,0.023451,0.023779,-0.999442,-0.000396,-0.999981,-0.006122,0.001529,0.894742
615,0.479213,0.141207,0.501113,0.021171,0.023241,-0.999506,-0.000350,-0.999953,-0.009670,0.001473,0.896215
616,0.479214,0.139732,0.501089,0.017324,0.021700,-0.999614,-0.000329,-0.999908,-0.013559,0.001475,0.897690
617,0.479217,0.138255,0.501065,0.013478,0.018679,-0.999735,-0.000346,-0.999845,-0.017582,0.001477,0.899167
618,0.479217,0.136749,0.500953,0.010263,0.016299,-0.999814,-0.000380,-0.999767,-0.021583,0.001510,0.900677
619,0.479214,0.135284,0.500779,0.005418,0.015548,-0.999864,-0.000419,-0.999673,-0.025584,0.001476,0.902153
620,0.479211,0.133816,0.500604,0.000197,0.015535,-0.999879,-0.000468,-0.999560,-0.029648,0.001478,0.903631
621,0.479210,0.132346,0.500429,-0.004974,0.011159,-0.999925,-0.000533,-0.999440,-0.033458,0.001480,0.905111
622,0.479206,0.130858,0.500381,-0.007746,0.009154,-0.999928,-0.000607,-0.999315,-0.037003,0.001488,0.906600
623,0.479213,0.129385,0.500231,-0.010517,0.007149,-0.999919,-0.000693,-0.999194,-0.040126,0.001481,0.908081
624,0.479212,0.127903,0.500094,-0.013281,0.007132,-0.999886,-0.000795,-0.999099,-0.042426,0.001488,0.909569
625,0.479211,0.126422,0.499958,-0.016044,0.007115,-0.999846,-0.000879,-0.999040,-0.043801,0.001488,0.911056
626,0.479210,0.124941,0.499822,-0.018800,0.013127,-0.999737,-0.000934,-0.999021,-0.044235,0.001488,0.912544
627,0.479210,0.123457,0.499647,-0.021554,0.019135,-0.999585,-0.000988,-0.999036,-0.043888,0.001494,0.914038
628,0.479211,0.121972,0.499500,-0.020730,0.021563,-0.999553,-0.001043,-0.999076,-0.042967,0.001492,0.915530
629,0.479214,0.120488,0.499353,-0.019904,0.024680,-0.999497,-0.001093,-0.999124,-0.041844,0.001491,0.917021
630,0.479218,0.119006,0.499207,-0.017599,0.027021,-0.999480,-0.001091,-0.999172,-0.040665,0.001489,0.918510
631,0.479217,0.117519,0.499072,-0.015876,0.028790,-0.999459,-0.001024,-0.999235,-0.039102,0.001493,0.920003
632,0.479190,0.116013,0.499033,-0.014153,0.030558,-0.999433,-0.000932,-0.999305,-0.037266,0.001507,0.921511
633,0.479184,0.114526,0.499011,-0.013005,0.032294,-0.999394,-0.000827,-0.999379,-0.035213,0.001487,0.922998
634,0.479178,0.113039,0.498988,-0.010700,0.035190,-0.999323,-0.000722,-0.999465,-0.032711,0.001487,0.924485
635,0.479171,0.111551,0.498965,-0.007531,0.035187,-0.999352,-0.000611,-0.999557,-0.029763,0.001488,0.925973
636,0.479167,0.110044,0.499099,-0.004361,0.035184,-0.999371,-0.000494,-0.999646,-0.026583,0.001513,0.927485
637,0.479162,0.108572,0.499232,-0.001194,0.033337,-0.999443,-0.000371,-0.999727,-0.023383,0.001478,0.928964
638,0.479157,0.107099,0.499365,0.001974,0.031488,-0.999502,-0.000222,-0.999797,-0.020125,0.001479,0.930443
639,0.479167,0.105609,0.499491,0.005132,0.027133,-0.999619,-0.000010,-0.999859,-0.016819,0.001495,0.931938
640,0.479171,0.104108,0.499487,0.008290,0.022777,-0.999706,0.000247,-0.999911,-0.013308,0.001501,0.933439
641,0.479175,0.102621,0.499477,0.010317,0.019550,-0.999756,0.000466,-0.999954,-0.009533,0.001487,0.934927
642,0.479178,0.101133,0.499468,0.012343,0.017435,-0.999772,0.000639,-0.999983,-0.005825,0.001487,0.936414
643,0.479180,0.099646,0.499458,0.010330,0.015322,-0.999829,0.000809,-0.999997,-0.002503,0.001487,0.937901
644,0.479180,0.098155,0.499421,0.008975,0.013867,-0.999864,0.000986,-1.000000,0.000112,0.001492,0.939393
645,0.479170,0.096688,0.499292,0.007621,0.012413,-0.999894,0.001171,-0.999998,0.001822,0.001473,0.940866
646,0.479162,0.095221,0.499164,0.007600,0.011242,-0.999908,0.001344,-0.999996,0.002618,0.001472,0.942338
647,0.479156,0.093752,0.499035,0.007579,0.010072,-0.999921,0.001489,-0.999995,0.002775,0.001474,0.943812
648,0.479197,0.092236,0.498971,0.008490,0.008726,-0.999926,0.001612,-0.999995,0.002570,0.001518,0.945330
649,0.479202,0.090758,0.499024,0.009400,0.007381,-0.999929,0.001711,-0.999997,0.002013,0.001479,0.946809
650,0.479206,0.089273,0.499069,0.011084,0.005256,-0.999925,0.001771,-0.999998,0.001162,0.001486,0.948295
651,0.479211,0.087788,0.499114,0.012750,-0.000091,-0.999919,0.001809,-0.999998,0.000050,0.001486,0.949781
652,0.479215,0.086303,0.499159,0.014415,-0.004858,-0.999884,0.001888,-0.999997,-0.001263,0.001485,0.951266
653,0.479220,0.084816,0.499187,0.017537,-0.008175,-0.999813,0.001989,-0.999995,-0.002398,0.001488,0.952754
654,0.479227,0.083328,0.499171,0.015708,-0.006541,-0.999855,0.002059,-0.999994,-0.002879,0.001488,0.954242
655,0.479236,0.081840,0.499148,0.013871,-0.007800,-0.999873,0.002029,-0.999995,-0.002431,0.001488,0.955730
656,0.479246,0.080352,0.499125,0.012645,-0.008442,-0.999884,0.001936,-0.999997,-0.001123,0.001489,0.957219
657,0.479247,0.078864,0.499107,0.011417,-0.006499,-0.999914,0.001850,-0.999998,0.000667,0.001488,0.958707
658,0.479241,0.077387,0.499195,0.010188,-0.004557,-0.999938,0.001752,-0.999995,0.002587,0.001479,0.960186
659,0.479235,0.075910,0.499283,0.008972,-0.005129,-0.999947,0.001642,-0.999989,0.004493,0.001479,0.961665
660,0.479229,0.074434,0.499371,0.010193,-0.006521,-0.999927,0.001511,-0.999978,0.006413,0.001479,0.963144
661,0.479234,0.072949,0.499447,0.011790,-0.008650,-0.999893,0.001347,-0.999963,0.008509,0.001488,0.964632
662,0.479238,0.071458,0.499424,0.013386,-0.010778,-0.999852,0.001150,-0.999939,0.010963,0.001491,0.966123
663,0.479239,0.069971,0.499376,0.014983,-0.012905,-0.999804,0.000898,-0.999905,0.013721,0.001487,0.967610
664,0.479239,0.068486,0.499329,0.016857,-0.013589,-0.999766,0.000614,-0.999866,0.016372,0.001486,0.969096
665,0.479239,0.067003,0.499281,0.018720,-0.016256,-0.999693,0.000367,-0.999829,0.018509,0.001484,0.970580
666,0.479238,0.065524,0.499274,0.020581,-0.018920,-0.999609,0.000217,-0.999800,0.019993,0.001479,0.972059
667,0.479244,0.064047,0.499209,0.022441,-0.021583,-0.999515,0.000123,-0.999781,0.020941,0.001479,0.973537
668,0.479249,0.062569,0.499145,0.024301,-0.023107,-0.999438,0.000023,-0.999764,0.021717,0.001480,0.975017
669,0.479255,0.061090,0.499081,0.022599,-0.021068,-0.999523,-0.000059,-0.999744,0.022642,0.001480,0.976497
670,0.479272,0.059597,0.499037,0.020896,-0.019720,-0.999587,-0.000124,-0.999717,0.023772,0.001494,0.977991
671,0.479258,0.058082,0.499192,0.019192,-0.018372,-0.999647,-0.000171,-0.999687,0.025037,0.001523,0.979514
672,0.479242,0.056616,0.499368,0.018397,-0.017932,-0.999670,-0.000193,-0.999654,0.026286,0.001476,0.980990
673,0.479228,0.055150,0.499545,0.017603,-0.014581,-0.999739,-0.000196,-0.999628,0.027255,0.001477,0.982467
674,0.479251,0.053648,0.499722,0.017382,-0.011199,-0.999786,-0.000204,-0.999611,0.027876,0.001513,0.983980
675,0.479242,0.052184,0.499683,0.016004,-0.008974,-0.999832,-0.000233,-0.999605,0.028118,0.001464,0.985444
676,0.479236,0.050697,0.499702,0.014739,-0.006860,-0.999868,-0.000291,-0.999610,0.027938,0.001487,0.986932
677,0.479231,0.049212,0.499719,0.013473,-0.005065,-0.999896,-0.000394,-0.999622,0.027487,0.001485,0.988417
678,0.479226,0.047726,0.499735,0.012210,-0.001423,-0.999924,-0.000511,-0.999646,0.026605,0.001485,0.989902
679,0.479220,0.046229,0.499764,0.010946,0.002220,-0.999938,-0.000589,-0.999685,0.025077,0.001498,0.991400
680,0.479225,0.044756,0.499906,0.009682,0.005862,-0.999936,-0.000618,-0.999741,0.022763,0.001479,0.992880
681,0.479227,0.043277,0.500025,0.008592,0.007759,-0.999933,-0.000649,-0.999809,0.019554,0.001484,0.994364
682,0.479231,0.041797,0.500145,0.008632,0.008527,-0.999926,-0.000692,-0.999875,0.015765,0.001484,0.995848
683,0.479236,0.040317,0.500264,0.008671,0.008183,-0.999929,-0.000710,-0.999932,0.011674,0.001485,0.997333
684,0.479234,0.038826,0.500334,0.008711,0.007839,-0.999931,-0.000710,-0.999972,0.007389,0.001493,0.998826
685,0.479233,0.037335,0.500367,0.009546,0.006699,-0.999932,-0.000677,-0.999995,0.002970,0.001490,1.000317
686,0.479233,0.035846,0.500399,0.010381,0.005564,-0.999931,-0.000604,-0.999999,-0.001534,0.001489,1.001806
687,0.479232,0.034358,0.500431,0.009882,0.004144,-0.999943,-0.000513,-0.999981,-0.006081,0.001488,1.003294
688,0.479231,0.032858,0.500442,0.009383,0.002725,-0.999952,-0.000403,-0.999943,-0.010681,0.001500,1.004794
689,0.479230,0.031370,0.500405,0.008885,0.001306,-0.999960,-0.000303,-0.999887,-0.014999,0.001488,1.006283
690,0.479229,0.029882,0.500368,0.008108,0.001874,-0.999965,-0.000258,-0.999823,-0.018788,0.001489,1.007772
691,0.479228,0.028393,0.500331,0.006558,0.003222,-0.999973,-0.000259,-0.999758,-0.021983,0.001489,1.009261
692,0.479217,0.026914,0.500319,0.005554,0.008384,-0.999949,-0.000243,-0.999698,-0.024558,0.001479,1.010740
693,0.479218,0.025402,0.500171,0.004550,0.013543,-0.999898,-0.000197,-0.999639,-0.026874,0.001519,1.012259
694,0.479218,0.023925,0.500012,0.003547,0.018699,-0.999819,-0.000160,-0.999572,-0.029243,0.001485,1.013745
695,0.479219,0.022448,0.499853,0.007677,0.017602,-0.999816,-0.000124,-0.999496,-0.031746,0.001486,1.015231
696,0.479219,0.020970,0.499695,0.011812,0.019394,-0.999742,-0.000075,-0.999407,-0.034441,0.001486,1.016717
697,0.479220,0.019492,0.499554,0.015336,0.020571,-0.999671,-0.000020,-0.999309,-0.037156,0.001485,1.018202
698,0.479220,0.018013,0.499421,0.018859,0.021749,-0.999586,0.000041,-0.999213,-0.039656,0.001484,1.019686
699,0.479220,0.016535,0.499289,0.022766,0.021962,-0.999500,0.000134,-0.999121,-0.041923,0.001484,1.021170
700,0.479220,0.015058,0.499157,0.026655,0.024679,-0.999340,0.000260,-0.999036,-0.043890,0.001484,1.022654
701,0.479224,0.013558,0.499043,0.029737,0.026594,-0.999204,0.000408,-0.998972,-0.045325,0.001504,1.024158
702,0.479223,0.012078,0.499016,0.032817,0.028508,-0.999055,0.000565,-0.998932,-0.046200,0.001480,1.025638
703,0.479224,0.010598,0.498990,0.036163,0.028891,-0.998928,0.000712,-0.998916,-0.046544,0.001480,1.027118
704,0.479224,0.009118,0.498963,0.039509,0.029274,-0.998790,0.000843,-0.998928,-0.046279,0.001481,1.028599
705,0.479228,0.007634,0.498950,0.042580,0.028221,-0.998694,0.000958,-0.998973,-0.045310,0.001484,1.030083
706,0.479225,0.006154,0.498971,0.045651,0.027167,-0.998588,0.001042,-0.999052,-0.043515,0.001480,1.031562
707,0.479223,0.004674,0.498992,0.046815,0.027784,-0.998517,0.001077,-0.999164,-0.040863,0.001481,1.033043
708,0.479221,0.003192,0.499014,0.047840,0.028122,-0.998459,0.001065,-0.999295,-0.037536,0.001482,1.034525
709,0.479219,0.001710,0.499035,0.048867,0.027324,-0.998431,0.001030,-0.999428,-0.033808,0.001482,1.036007
710,0.479223,0.000209,0.499006,0.049893,0.026526,-0.998402,0.000977,-0.999553,-0.029865,0.001501,1.037508
711,0.479228,-0.001271,0.498907,0.050920,0.025728,-0.998371,0.000901,-0.999664,-0.025897,0.001484,1.038992
712,0.479232,-0.002753,0.498800,0.051728,0.024872,-0.998351,0.000810,-0.999754,-0.022145,0.001486,1.040478
713,0.479242,-0.004229,0.498665,0.051630,0.024924,-0.998355,0.000713,-0.999824,-0.018755,0.001482,1.041960
714,0.479251,-0.005704,0.498531,0.051531,0.022066,-0.998428,0.000624,-0.999875,-0.015793,0.001482,1.043441
715,0.479255,-0.007195,0.498477,0.051432,0.019207,-0.998492,0.000540,-0.999912,-0.013232,0.001491,1.044933
716,0.479259,-0.008679,0.498422,0.050877,0.017927,-0.998544,0.000462,-0.999939,-0.011061,0.001485,1.046418
717,0.479262,-0.010162,0.498366,0.050209,0.016759,-0.998598,0.000395,-0.999956,-0.009320,0.001485,1.047902
718,0.479265,-0.011646,0.498311,0.049541,0.015910,-0.998645,0.000345,-0.999968,-0.007964,0.001484,1.049387
719,0.479268,-0.013137,0.498301,0.048874,0.015061,-0.998691,0.000315,-0.999976,-0.006990,0.001492,1.050878
720,0.479267,-0.014621,0.498304,0.048296,0.014123,-0.998733,0.000281,-0.999980,-0.006276,0.001484,1.052362
721,0.479266,-0.016106,0.498307,0.047485,0.012429,-0.998795,0.000220,-0.999984,-0.005568,0.001485,1.053847
722,0.479265,-0.017591,0.498310,0.046505,0.012477,-0.998840,0.000147,-0.999988,-0.004910,0.001485,1.055332
723,0.479264,-0.019086,0.498339,0.045524,0.012525,-0.998885,0.000074,-0.999990,-0.004361,0.001495,1.056827
724,0.479254,-0.020565,0.498434,0.044543,0.012573,-0.998928,-0.000003,-0.999993,-0.003797,0.001483,1.058310
725,0.479245,-0.022045,0.498530,0.043562,0.011834,-0.998981,-0.000088,-0.999995,-0.003139,0.001483,1.059793
726,0.479236,-0.023525,0.498626,0.041788,0.011889,-0.999056,-0.000183,-0.999997,-0.002447,0.001483,1.061276
727,0.479240,-0.025016,0.498682,0.040013,0.011940,-0.999128,-0.000280,-0.999998,-0.001790,0.001492,1.062768
728,0.479239,-0.026501,0.498685,0.038238,0.011991,-0.999197,-0.000371,-0.999999,-0.001189,0.001484,1.064252
729,0.479238,-0.027986,0.498697,0.036297,0.012208,-0.999266,-0.000449,-1.000000,-0.000723,0.001485,1.065738
730,0.479236,-0.029471,0.498708,0.034356,0.013993,-0.999312,-0.000517,-1.000000,-0.000405,0.001485,1.067223
731,0.479235,-0.030956,0.498720,0.032693,0.013794,-0.999370,-0.000551,-1.000000,-0.000296,0.001485,1.068708
732,0.479234,-0.032439,0.498725,0.031029,0.013594,-0.999426,-0.000539,-1.000000,-0.000622,0.001483,1.070191
733,0.479233,-0.033922,0.498740,0.028838,0.012803,-0.999502,-0.000489,-0.999999,-0.001410,0.001483,1.071674
734,0.479233,-0.035406,0.498755,0.027166,0.011324,-0.999567,-0.000425,-0.999997,-0.002564,0.001484,1.073158
735,0.479233,-0.036890,0.498770,0.025308,0.009659,-0.999633,-0.000359,-0.999992,-0.004037,0.001484,1.074642
736,0.479237,-0.038385,0.498770,0.023264,0.009304,-0.999686,-0.000283,-0.999983,-0.005762,0.001495,1.076137
737,0.479237,-0.039866,0.498689,0.021221,0.008948,-0.999735,-0.000194,-0.999971,-0.007628,0.001483,1.077621
738,0.479237,-0.041347,0.498608,0.019178,0.009811,-0.999768,-0.000099,-0.999954,-0.009556,0.001483,1.079104
739,0.479238,-0.042829,0.498528,0.017136,0.010673,-0.999796,-0.000005,-0.999933,-0.011579,0.001483,1.080587
740,0.479238,-0.044310,0.498448,0.014710,0.012498,-0.999814,0.000089,-0.999905,-0.013753,0.001483,1.082071
741,0.479238,-0.045795,0.498392,0.012285,0.014323,-0.999822,0.000180,-0.999870,-0.016147,0.001487,1.083557
742,0.479239,-0.047280,0.498363,0.011324,0.014685,-0.999828,0.000253,-0.999825,-0.018730,0.001485,1.085043
743,0.479240,-0.048765,0.498333,0.009223,0.014817,-0.999848,0.000293,-0.999773,-0.021292,0.001485,1.086528
744,0.479240,-0.050250,0.498304,0.006859,0.016480,-0.999841,0.000314,-0.999722,-0.023571,0.001485,1.088013
745,0.479241,-0.051735,0.498285,0.004496,0.018142,-0.999825,0.000330,-0.999677,-0.025423,0.001485,1.089498
746,0.479242,-0.053218,0.498303,0.002135,0.019804,-0.999802,0.000341,-0.999639,-0.026856,0.001482,1.090981
747,0.479243,-0.054700,0.498321,-0.000227,0.022852,-0.999739,0.000344,-0.999610,-0.027916,0.001483,1.092463
748,0.479244,-0.056183,0.498340,-0.001874,0.023049,-0.999733,0.000338,-0.999588,-0.028689,0.001483,1.093946
749,0.479246,-0.057667,0.498354,-0.003382,0.023526,-0.999718,0.000325,-0.999571,-0.029284,0.001484,1.095431
750,0.479246,-0.059159,0.498283,-0.004890,0.024003,-0.999700,0.000299,-0.999556,-0.029782,0.001493,1.096924
751,0.479245,-0.060639,0.498197,-0.006398,0.024480,-0.999680,0.000260,-0.999545,-0.030165,0.001483,1.098407
752,0.479245,-0.062119,0.498110,-0.007905,0.023818,-0.999685,0.000213,-0.999540,-0.030316,0.001483,1.099889
753,0.479244,-0.063599,0.498023,-0.009195,0.023214,-0.999688,0.000156,-0.999544,-0.030208,0.001483,1.101372
754,0.479246,-0.065084,0.497971,-0.010486,0.022610,-0.999689,0.000101,-0.999555,-0.029832,0.001485,1.102857
755,0.479247,-0.066568,0.497936,-0.011776,0.022006,-0.999688,0.000045,-0.999572,-0.029244,0.001485,1.104342
756,0.479248,-0.068053,0.497902,-0.014287,0.025185,-0.999581,-0.000009,-0.999591,-0.028596,0.001485,1.105827
757,0.479248,-0.069538,0.497868,-0.016343,0.026788,-0.999508,-0.000049,-0.999611,-0.027885,0.001485,1.107313
758,0.479249,-0.071026,0.497831,-0.018400,0.028392,-0.999427,-0.000064,-0.999629,-0.027224,0.001489,1.108802
759,0.479249,-0.072505,0.497723,-0.020457,0.029997,-0.999341,-0.000073,-0.999640,-0.026834,0.001482,1.110284
760,0.479248,-0.073984,0.497615,-0.021200,0.030292,-0.999316,-0.000110,-0.999643,-0.026732,0.001484,1.111767
761,0.479247,-0.075464,0.497507,-0.022031,0.031811,-0.999251,-0.000280,-0.999639,-0.026879,0.001484,1.113251
762,0.479254,-0.076953,0.497416,-0.022309,0.034086,-0.999170,-0.000823,-0.999627,-0.027303,0.001492,1.114742
763,0.479247,-0.078438,0.497368,-0.022586,0.036362,-0.999083,-0.002003,-0.999606,-0.028004,0.001486,1.116229
764,0.479246,-0.079923,0.497363,-0.022864,0.038637,-0.998992,-0.004104,-0.999573,-0.028936,0.001485,1.117714
765,0.479246,-0.081409,0.497358,-0.023669,0.040388,-0.998904,-0.007458,-0.999518,-0.030128,0.001485,1.119199
766,0.479245,-0.082894,0.497353,-0.024474,0.042925,-0.998778,-0.012416,-0.999425,-0.031559,0.001485,1.120684
767,0.479245,-0.084375,0.497326,-0.025279,0.045462,-0.998646,-0.019345,-0.999264,-0.033133,0.001482,1.122166
768,0.479240,-0.085861,0.497287,-0.026084,0.047562,-0.998528,-0.028620,-0.998982,-0.034874,0.001486,1.123652
769,0.479239,-0.087343,0.497270,-0.026890,0.049661,-0.998404,-0.040653,-0.998500,-0.036665,0.001483,1.125135
770,0.479237,-0.088825,0.497252,-0.027903,0.051220,-0.998298,-0.055785,-0.997709,-0.038270,0.001482,1.126617
771,0.479232,-0.090305,0.497235,-0.028447,0.051215,-0.998282,-0.074332,-0.996445,-0.039645,0.001479,1.128096
772,0.479234,-0.091782,0.497277,-0.028991,0.051211,-0.998267,-0.096539,-0.994494,-0.040755,0.001478,1.129574
773,0.479236,-0.093255,0.497328,-0.029535,0.051206,-0.998251,-0.122494,-0.991600,-0.041534,0.001475,1.131049
774,0.479238,-0.094728,0.497380,-0.030810,0.050471,-0.998250,-0.152243,-0.987452,-0.041967,0.001473,1.132522
775,0.479240,-0.096199,0.497431,-0.032605,0.050421,-0.998196,-0.185766,-0.981697,-0.041984,0.001472,1.133994
776,0.479255,-0.097733,0.497333,-0.028568,0.050572,-0.998312,-0.222983,-0.973937,-0.041549,0.001537,1.135531
777,0.479242,-0.099200,0.497156,-0.024527,0.050723,-0.998412,-0.263802,-0.963718,-0.040703,0.001477,1.137009
778,0.479230,-0.100666,0.496979,-0.020482,0.050873,-0.998495,-0.308061,-0.950535,-0.039779,0.001477,1.138486
779,0.479133,-0.102048,0.496820,-0.016434,0.049803,-0.998624,-0.355478,-0.933853,-0.039428,0.001394,1.139880
780,0.478948,-0.103342,0.496697,-0.012383,0.048731,-0.998735,-0.405719,-0.913120,-0.040055,0.001313,1.141193
781,0.478683,-0.104556,0.496579,-0.008329,0.047658,-0.998829,-0.458413,-0.887763,-0.041650,0.001248,1.142441
782,0.478329,-0.105681,0.496463,-0.008031,0.048498,-0.998791,-0.513096,-0.857196,-0.044136,0.001185,1.143627
783,0.477890,-0.106721,0.496355,-0.009201,0.050802,-0.998666,-0.569194,-0.820845,-0.047235,0.001133,1.144760
784,0.477364,-0.107675,0.496259,-0.009228,0.053337,-0.998534,-0.625998,-0.778196,-0.050373,0.001094,1.145854
785,0.476750,-0.108547,0.496178,-0.009255,0.055871,-0.998395,-0.682651,-0.728822,-0.052969,0.001069,1.146923
786,0.476052,-0.109335,0.496137,-0.009282,0.058406,-0.998250,-0.738144,-0.672414,-0.054794,0.001054,1.147977
787,0.475267,-0.110037,0.496109,-0.009309,0.060940,-0.998098,-0.791311,-0.608854,-0.055883,0.001053,1.149031
788,0.474407,-0.110655,0.496102,-0.009336,0.060126,-0.998147,-0.840895,-0.538262,-0.056298,0.001059,1.150090
789,0.473460,-0.111186,0.496106,-0.008173,0.060496,-0.998135,-0.885647,-0.460998,-0.055762,0.001086,1.151176
790,0.472430,-0.111632,0.496136,-0.007011,0.060867,-0.998121,-0.924396,-0.377637,-0.053684,0.001123,1.152298
791,0.471311,-0.111992,0.496171,-0.005439,0.061647,-0.998083,-0.956035,-0.288974,-0.049918,0.001175,1.153474
792,0.470091,-0.112266,0.496206,-0.003866,0.062426,-0.998042,-0.979580,-0.196033,-0.044662,0.001251,1.154725
793,0.468783,-0.112454,0.496249,-0.002294,0.063632,-0.997971,-0.994256,-0.100041,-0.038039,0.001322,1.156047
794,0.467403,-0.112541,0.496316,-0.000722,0.064838,-0.997896,-0.999534,-0.002421,-0.030435,0.001385,1.157432
795,0.466016,-0.112463,0.496417,0.001407,0.066600,-0.997779,-0.995190,0.095315,-0.022614,0.001393,1.158824
796,0.464609,-0.112289,0.496339,0.003535,0.068361,-0.997654,-0.981343,0.191648,-0.015363,0.001420,1.160244
797,0.463416,-0.112025,0.496153,0.006885,0.066512,-0.997762,-0.958448,0.285124,-0.009075,0.001236,1.161480
798,0.462311,-0.111670,0.495983,0.010234,0.064662,-0.997855,-0.927235,0.374461,-0.003752,0.001172,1.162653
799,0.461293,-0.111227,0.495831,0.013582,0.062813,-0.997933,-0.888660,0.458566,0.000651,0.001121,1.163773
800,0.460358,-0.110698,0.495694,0.017209,0.061243,-0.997975,-0.843839,0.536581,0.004099,0.001083,1.164856
801,0.459508,-0.110086,0.495573,0.019524,0.060989,-0.997947,-0.793991,0.607895,0.006571,0.001055,1.165911
802,0.458670,-0.109359,0.495546,0.021835,0.059621,-0.997982,-0.740419,0.672096,0.008219,0.001110,1.167021
803,0.457975,-0.108581,0.495625,0.023824,0.058253,-0.998018,-0.684407,0.729038,0.009505,0.001046,1.168067
804,0.457367,-0.107717,0.495714,0.025892,0.056964,-0.998040,-0.627169,0.778806,0.010968,0.001060,1.169127
805,0.456836,-0.106767,0.495813,0.027959,0.055674,-0.998057,-0.569804,0.821680,0.012863,0.001092,1.170219
806,0.456391,-0.105730,0.495921,0.030558,0.054039,-0.998071,-0.513213,0.858126,0.015247,0.001134,1.171353
807,0.456031,-0.104605,0.496040,0.033156,0.052404,-0.998075,-0.458136,0.888695,0.018220,0.001188,1.172541
808,0.455759,-0.103379,0.496156,0.035869,0.050885,-0.998060,-0.405163,0.913984,0.021802,0.001261,1.173802
809,0.455590,-0.102068,0.496191,0.038584,0.049803,-0.998014,-0.354732,0.934614,0.025728,0.001322,1.175124
810,0.455509,-0.100670,0.496228,0.041298,0.048720,-0.997958,-0.307195,0.951187,0.029579,0.001401,1.176525
811,0.455512,-0.099186,0.496285,0.044387,0.047340,-0.997892,-0.262899,0.964253,0.033160,0.001485,1.178010
812,0.455517,-0.097701,0.496350,0.047006,0.045960,-0.997837,-0.222086,0.974344,0.036499,0.001486,1.179496
813,0.455523,-0.096217,0.496391,0.047957,0.042913,-0.997927,-0.184887,0.981962,0.039600,0.001485,1.180981
814,0.455529,-0.094734,0.496413,0.048908,0.039865,-0.998007,-0.151408,0.987572,0.042162,0.001483,1.182464
815,0.455531,-0.093254,0.496444,0.050580,0.039077,-0.997955,-0.121709,0.991604,0.043682,0.001480,1.183944
816,0.455531,-0.091775,0.496500,0.052251,0.038289,-0.997900,-0.095786,0.994429,0.044008,0.001480,1.185424
817,0.455531,-0.090295,0.496557,0.047942,0.037833,-0.998133,-0.073625,0.996344,0.043336,0.001481,1.186906
818,0.455530,-0.088812,0.496623,0.043632,0.037376,-0.998348,-0.055128,0.997604,0.041806,0.001484,1.188390
819,0.455530,-0.087329,0.496690,0.039322,0.037420,-0.998526,-0.040058,0.998415,0.039522,0.001484,1.189874
820,0.455528,-0.085847,0.496771,0.035013,0.037464,-0.998684,-0.028095,0.998928,0.036795,0.001484,1.191359
821,0.455525,-0.084366,0.496855,0.033104,0.035114,-0.998835,-0.018890,0.999241,0.034078,0.001483,1.192842
822,0.455522,-0.082884,0.496939,0.031196,0.032764,-0.998976,-0.012024,0.999428,0.031603,0.001485,1.194327
823,0.455519,-0.081402,0.497024,0.033042,0.028493,-0.999048,-0.007139,0.999543,0.029358,0.001485,1.195811
824,0.455515,-0.079921,0.497111,0.034890,0.025442,-0.999067,-0.003878,0.999623,0.027193,0.001483,1.197295
825,0.455511,-0.078441,0.497200,0.036737,0.022391,-0.999074,-0.001871,0.999686,0.024987,0.001483,1.198778
826,0.455507,-0.076956,0.497271,0.038308,0.019063,-0.999084,-0.000804,0.999738,0.022874,0.001486,1.200264
827,0.455505,-0.075474,0.497308,0.039878,0.015735,-0.999081,-0.000366,0.999781,0.020909,0.001483,1.201747
828,0.455502,-0.073991,0.497345,0.041448,0.013064,-0.999055,-0.000255,0.999821,0.018939,0.001483,1.203229
829,0.455498,-0.072509,0.497388,0.043021,0.012346,-0.998998,-0.000232,0.999858,0.016849,0.001483,1.204713
830,0.455495,-0.071027,0.497432,0.043260,0.010291,-0.999011,-0.000187,0.999893,0.014616,0.001483,1.206196
831,0.455494,-0.069538,0.497437,0.043499,0.008236,-0.999020,-0.000118,0.999925,0.012244,0.001488,1.207684
832,0.455493,-0.068054,0.497440,0.043329,0.009695,-0.999014,-0.000038,0.999953,0.009669,0.001484,1.209168
833,0.455503,-0.066567,0.497374,0.043160,0.011154,-0.999006,0.000047,0.999977,0.006762,0.001488,1.210656
834,0.455504,-0.065092,0.497275,0.042990,0.013325,-0.998987,0.000161,0.999994,0.003535,0.001479,1.212135
835,0.455506,-0.063608,0.497229,0.043322,0.015991,-0.998933,0.000299,1.000000,0.000523,0.001485,1.213620
836,0.455508,-0.062124,0.497224,0.043098,0.018102,-0.998907,0.000432,0.999998,-0.001813,0.001484,1.215104
837,0.455510,-0.060640,0.497227,0.042877,0.026041,-0.998741,0.000567,0.999994,-0.003512,0.001484,1.216588
838,0.455513,-0.059157,0.497242,0.039376,0.028513,-0.998818,0.000703,0.999989,-0.004560,0.001483,1.218071
839,0.455516,-0.057675,0.497261,0.035873,0.030987,-0.998876,0.000808,0.999989,-0.004598,0.001482,1.219553
840,0.455520,-0.056193,0.497306,0.032366,0.033462,-0.998916,0.000910,0.999994,-0.003207,0.001483,1.221035
841,0.455508,-0.054695,0.497343,0.027058,0.029534,-0.999197,0.001042,0.999999,-0.000513,0.001499,1.222534
842,0.455514,-0.053218,0.497242,0.023952,0.027047,-0.999347,0.001186,0.999994,0.003137,0.001480,1.224014
843,0.455521,-0.051742,0.497142,0.020844,0.024535,-0.999482,0.001402,0.999970,0.007553,0.001480,1.225494
844,0.455523,-0.050252,0.497099,0.017736,0.022023,-0.999600,0.001575,0.999922,0.012370,0.001490,1.226985
845,0.455525,-0.048762,0.497072,0.014547,0.019430,-0.999705,0.001605,0.999850,0.017264,0.001490,1.228475
846,0.455527,-0.047274,0.497036,0.012227,0.016089,-0.999796,0.001586,0.999758,0.021951,0.001488,1.229963
847,0.455532,-0.045787,0.496993,0.009905,0.013619,-0.999858,0.001523,0.999658,0.026116,0.001488,1.231451
848,0.455535,-0.044297,0.496966,0.007731,0.011000,-0.999910,0.001422,0.999563,0.029526,0.001490,1.232941
849,0.455538,-0.042812,0.496962,0.005440,0.008264,-0.999951,0.001289,0.999480,0.032216,0.001485,1.234426
850,0.455530,-0.041343,0.496947,0.003146,0.007575,-0.999966,0.001146,0.999416,0.034138,0.001469,1.235895
851,0.455534,-0.039871,0.496863,0.000852,0.006886,-0.999976,0.000962,0.999393,0.034815,0.001474,1.237370
852,0.455538,-0.038309,0.496784,-0.001535,0.006778,-0.999976,0.000706,0.999410,0.034339,0.001564,1.238933
853,0.455543,-0.036824,0.496939,-0.003922,0.006670,-0.999970,0.000401,0.999450,0.033153,0.001494,1.240427
854,0.455541,-0.035342,0.497093,-0.004628,0.009728,-0.999942,0.000003,0.999502,0.031541,0.001490,1.241917
855,0.455548,-0.033855,0.497272,-0.005334,0.012787,-0.999904,-0.000376,0.999552,0.029932,0.001498,1.243415
856,0.455543,-0.032378,0.497456,-0.006040,0.014305,-0.999879,-0.000640,0.999590,0.028610,0.001488,1.244903
857,0.455528,-0.030928,0.497881,-0.005789,0.016775,-0.999843,-0.000866,0.999618,0.027626,0.001511,1.246414
858,0.455564,-0.029488,0.498323,-0.005215,0.018921,-0.999807,-0.001051,0.999629,0.027221,0.001506,1.247920
859,0.455576,-0.028021,0.498538,-0.004639,0.018504,-0.999818,-0.001217,0.999615,0.027737,0.001483,1.249404
860,0.455589,-0.026554,0.498753,-0.004063,0.017583,-0.999837,-0.001370,0.999583,0.028834,0.001483,1.250887
861,0.455647,-0.024897,0.498937,-0.003882,0.017056,-0.999847,-0.001497,0.999554,0.029820,0.001668,1.252554
862,0.455561,-0.023473,0.498820,-0.006107,0.018934,-0.999802,-0.001602,0.999532,0.030556,0.001431,1.253985
863,0.455551,-0.021999,0.498754,-0.008331,0.021358,-0.999737,-0.001684,0.999519,0.030981,0.001476,1.255461
864,0.455541,-0.020525,0.498687,-0.010553,0.023782,-0.999661,-0.001721,0.999528,0.030681,0.001476,1.256937
865,0.455533,-0.019048,0.498621,-0.012781,0.024978,-0.999606,-0.001766,0.999570,0.029273,0.001478,1.258415
866,0.455514,-0.017574,0.498397,-0.014327,0.026854,-0.999537,-0.001854,0.999632,0.027060,0.001492,1.259906
867,0.455508,-0.016093,0.498284,-0.015598,0.029007,-0.999457,-0.001961,0.999701,0.024394,0.001485,1.261391
868,0.455502,-0.014612,0.498165,-0.016867,0.030292,-0.999399,-0.002157,0.999771,0.021297,0.001486,1.262877
869,0.455494,-0.013129,0.498043,-0.018137,0.030919,-0.999357,-0.002334,0.999835,0.017996,0.001488,1.264366
870,0.455484,-0.011630,0.497977,-0.019454,0.031514,-0.999314,-0.002390,0.999890,0.014618,0.001501,1.265866
871,0.455481,-0.010148,0.497979,-0.019430,0.033451,-0.999251,-0.002416,0.999934,0.011251,0.001482,1.267348
872,0.455477,-0.008666,0.497980,-0.019407,0.036090,-0.999160,-0.002417,0.999963,0.008282,0.001481,1.268830
873,0.455475,-0.007183,0.497977,-0.019383,0.034796,-0.999206,-0.002382,0.999978,0.006123,0.001483,1.270312
874,0.455473,-0.005700,0.497979,-0.018888,0.033973,-0.999244,-0.002320,0.999985,0.004937,0.001483,1.271796
875,0.455475,-0.004222,0.498065,-0.018394,0.033150,-0.999281,-0.002272,0.999985,0.004917,0.001481,1.273277
876,0.455477,-0.002742,0.498151,-0.018399,0.031332,-0.999340,-0.002188,0.999977,0.006390,0.001482,1.274758
877,0.455478,-0.001266,0.498282,-0.018403,0.029515,-0.999395,-0.002028,0.999957,0.009039,0.001483,1.276241
878,0.455477,0.000208,0.498425,-0.018330,0.021864,-0.999593,-0.001830,0.999921,0.012433,0.001481,1.277722
879,0.455477,0.001706,0.498469,-0.014992,0.019575,-0.999696,-0.001549,0.999865,0.016336,0.001498,1.279220
880,0.455477,0.003189,0.498458,-0.011656,0.017287,-0.999783,-0.001296,0.999793,0.020289,0.001483,1.280703
881,0.455477,0.004672,0.498460,-0.008320,0.014716,-0.999857,-0.001161,0.999710,0.024039,0.001483,1.282186
882,0.455477,0.006156,0.498473,-0.003464,0.018257,-0.999827,-0.001055,0.999618,0.027611,0.001484,1.283671
883,0.455476,0.007641,0.498495,-0.000838,0.020364,-0.999792,-0.000978,0.999522,0.030895,0.001484,1.285155
884,0.455476,0.009123,0.498541,0.001789,0.022470,-0.999746,-0.000941,0.999434,0.033626,0.001483,1.286638
885,0.455475,0.010606,0.498587,0.004415,0.024155,-0.999698,-0.000937,0.999364,0.035651,0.001483,1.288122
886,0.455475,0.012088,0.498673,0.007041,0.025840,-0.999641,-0.000943,0.999309,0.037155,0.001484,1.289606
887,0.455472,0.013568,0.498760,0.008801,0.028268,-0.999562,-0.000963,0.999267,0.038274,0.001483,1.291089
888,0.455471,0.015051,0.498801,0.010586,0.030722,-0.999472,-0.000999,0.999236,0.039058,0.001484,1.292572
889,0.455469,0.016534,0.498836,0.012221,0.033321,-0.999370,-0.001042,0.999216,0.039581,0.001483,1.294055
890,0.455468,0.018016,0.498871,0.013856,0.035449,-0.999275,-0.001085,0.999202,0.039938,0.001483,1.295539
891,0.455466,0.019499,0.498904,0.015495,0.035543,-0.999248,-0.001131,0.999194,0.040121,0.001483,1.297021
892,0.455464,0.020983,0.498957,0.016695,0.036077,-0.999210,-0.001173,0.999196,0.040063,0.001485,1.298507
893,0.455461,0.022465,0.499032,0.017986,0.036703,-0.999164,-0.001206,0.999207,0.039787,0.001484,1.299990
894,0.455459,0.023948,0.499112,0.019278,0.036559,-0.999146,-0.001223,0.999223,0.039385,0.001485,1.301475
895,0.455456,0.025428,0.499215,0.020569,0.034935,-0.999178,-0.001223,0.999238,0.039017,0.001484,1.302959
896,0.455452,0.026908,0.499317,0.022208,0.032965,-0.999210,-0.001211,0.999246,0.038801,0.001484,1.304443
897,0.455449,0.028391,0.499390,0.023847,0.030994,-0.999235,-0.001192,0.999255,0.038577,0.001485,1.305927
898,0.455446,0.029874,0.499464,0.024534,0.028485,-0.999293,-0.001164,0.999272,0.038128,0.001485,1.307412
899,0.455443,0.031356,0.499540,0.025221,0.025976,-0.999344,-0.001121,0.999300,0.037389,0.001484,1.308896
900,0.455440,0.032838,0.499617,0.025599,0.026326,-0.999326,-0.001058,0.999339,0.036348,0.001484,1.310381
901,0.455437,0.034323,0.499682,0.025977,0.026675,-0.999307,-0.000974,0.999386,0.035025,0.001486,1.311867
902,0.455435,0.035808,0.499742,0.026747,0.026632,-0.999287,-0.000870,0.999440,0.033450,0.001486,1.313353
903,0.455433,0.037293,0.499803,0.027517,0.027985,-0.999230,-0.000751,0.999498,0.031682,0.001487,1.314840
904,0.455432,0.038778,0.499863,0.028287,0.028794,-0.999185,-0.000620,0.999554,0.029864,0.001486,1.316326
905,0.455431,0.040264,0.499917,0.027834,0.030822,-0.999137,-0.000484,0.999604,0.028131,0.001486,1.317812
906,0.455431,0.041751,0.499952,0.027381,0.032850,-0.999085,-0.000346,0.999649,0.026498,0.001487,1.319299
907,0.455431,0.043238,0.499987,0.026246,0.032091,-0.999140,-0.000208,0.999687,0.025007,0.001487,1.320787
908,0.455430,0.044725,0.500024,0.025110,0.031332,-0.999194,-0.000062,0.999716,0.023812,0.001488,1.322275
909,0.455429,0.046213,0.500060,0.024504,0.031968,-0.999188,0.000099,0.999737,0.022951,0.001488,1.323764
910,0.455429,0.047701,0.500071,0.023899,0.032603,-0.999183,0.000264,0.999751,0.022320,0.001488,1.325252
911,0.455429,0.049188,0.500079,0.023340,0.033270,-0.999174,0.000412,0.999761,0.021876,0.001487,1.326738
912,0.455430,0.050673,0.500110,0.022785,0.030833,-0.999265,0.000541,0.999765,0.021672,0.001485,1.328224
913,0.455430,0.052159,0.500145,0.022230,0.027695,-0.999369,0.000661,0.999762,0.021784,0.001486,1.329710
914,0.455431,0.053647,0.500155,0.021225,0.024110,-0.999484,0.000771,0.999757,0.022014,0.001488,1.331198
915,0.455432,0.055129,0.500143,0.019751,0.020056,-0.999604,0.000873,0.999756,0.022073,0.001482,1.332680
916,0.455433,0.056611,0.500121,0.018271,0.017130,-0.999686,0.000970,0.999762,0.021815,0.001482,1.334162
917,0.455439,0.058088,0.500088,0.016790,0.014700,-0.999751,0.001058,0.999776,0.021137,0.001478,1.335640
918,0.455445,0.059566,0.500058,0.014323,0.011285,-0.999834,0.001134,0.999799,0.020031,0.001478,1.337118
919,0.455451,0.061048,0.500050,0.011855,0.007869,-0.999899,0.001191,0.999829,0.018451,0.001482,1.338600
920,0.455455,0.062532,0.500042,0.009321,0.006842,-0.999933,0.001216,0.999865,0.016381,0.001484,1.340084
921,0.455456,0.064014,0.500052,0.006788,0.005815,-0.999960,0.001206,0.999902,0.013921,0.001481,1.341566
922,0.455459,0.065495,0.500063,0.003698,0.005631,-0.999977,0.001172,0.999936,0.011219,0.001482,1.343047
923,0.455459,0.066986,0.500135,0.000607,0.005448,-0.999985,0.001131,0.999964,0.008443,0.001492,1.344540
924,0.455459,0.068472,0.500231,-0.002471,0.005251,-0.999983,0.001076,0.999983,0.005704,0.001490,1.346029
925,0.455457,0.069956,0.500374,-0.005546,0.005809,-0.999968,0.001008,0.999994,0.003255,0.001490,1.347519
926,0.455464,0.071428,0.500543,-0.008622,0.006787,-0.999940,0.000934,0.999999,0.001331,0.001483,1.349002
927,0.455470,0.072924,0.500671,-0.007647,0.003714,-0.999964,0.000859,1.000000,-0.000013,0.001501,1.350503
928,0.455474,0.074410,0.500712,-0.006671,0.000640,-0.999978,0.000798,0.999999,-0.000743,0.001486,1.351990
929,0.455470,0.075890,0.500754,-0.005712,-0.001039,-0.999983,0.000706,0.999999,-0.001157,0.001480,1.353470
930,0.455474,0.077374,0.500827,-0.004753,-0.002718,-0.999985,0.000581,0.999998,-0.001686,0.001486,1.354956
931,0.455477,0.078858,0.500900,-0.006439,-0.001278,-0.999978,0.000486,0.999997,-0.002467,0.001485,1.356441
932,0.455478,0.080392,0.500790,-0.008126,0.000162,-0.999967,0.000423,0.999994,-0.003433,0.001538,1.357980
933,0.455480,0.081872,0.500675,-0.009373,-0.000751,-0.999956,0.000355,0.999989,-0.004591,0.001485,1.359464
934,0.455481,0.083357,0.500539,-0.010620,-0.001664,-0.999942,0.000254,0.999982,-0.005942,0.001491,1.360955
935,0.455478,0.084838,0.500396,-0.011867,-0.001804,-0.999928,0.000148,0.999973,-0.007374,0.001488,1.362444
936,0.455476,0.086320,0.500293,-0.012927,-0.002131,-0.999914,0.000046,0.999960,-0.008978,0.001485,1.363929
937,0.455474,0.087803,0.500219,-0.014336,-0.002108,-0.999895,-0.000065,0.999940,-0.010939,0.001485,1.365414
938,0.455469,0.089281,0.500128,-0.015745,-0.001424,-0.999875,-0.000191,0.999911,-0.013326,0.001481,1.366894
939,0.455460,0.090764,0.499994,-0.017155,-0.001149,-0.999852,-0.000334,0.999873,-0.015962,0.001489,1.368383
940,0.455455,0.092279,0.499887,-0.017512,0.000178,-0.999847,-0.000441,0.999831,-0.018368,0.001519,1.369902
941,0.455458,0.093756,0.499902,-0.017559,0.001195,-0.999845,-0.000513,0.999798,-0.020084,0.001478,1.371380
942,0.455458,0.095238,0.499920,-0.017606,0.001230,-0.999844,-0.000598,0.999782,-0.020880,0.001481,1.372861
943,0.455464,0.096712,0.499968,-0.017653,0.001266,-0.999843,-0.000690,0.999785,-0.020737,0.001476,1.374337
944,0.455469,0.098188,0.500016,-0.016311,-0.001489,-0.999866,-0.000757,0.999805,-0.019736,0.001477,1.375813
945,0.455477,0.099663,0.500101,-0.014968,-0.004245,-0.999879,-0.000779,0.999834,-0.018181,0.001477,1.377290
946,0.455486,0.101138,0.500194,-0.012396,-0.008218,-0.999889,-0.000784,0.999866,-0.016363,0.001478,1.378769
947,0.455449,0.102652,0.500116,-0.009822,-0.010548,-0.999896,-0.000769,0.999897,-0.014331,0.001516,1.380284
948,0.455458,0.104118,0.499965,-0.007245,-0.010767,-0.999916,-0.000730,0.999926,-0.012171,0.001475,1.381759
949,0.455465,0.105596,0.499848,-0.005718,-0.012038,-0.999911,-0.000679,0.999951,-0.009883,0.001483,1.383242
950,0.455468,0.107078,0.499783,-0.004722,-0.013840,-0.999893,-0.000636,0.999971,-0.007596,0.001483,1.384725
951,0.455449,0.108580,0.499768,-0.003728,-0.016396,-0.999859,-0.000607,0.999984,-0.005624,0.001502,1.386227
952,0.455450,0.110059,0.499863,-0.002734,-0.018952,-0.999817,-0.000595,0.999991,-0.004174,0.001482,1.387709
953,0.455450,0.111540,0.499957,-0.001677,-0.018456,-0.999828,-0.000616,0.999994,-0.003440,0.001484,1.389193
954,0.455447,0.113026,0.499937,-0.000621,-0.017961,-0.999839,-0.000616,0.999994,-0.003318,0.001486,1.390679
955,0.455443,0.114512,0.499916,0.000878,-0.019308,-0.999813,-0.000588,0.999994,-0.003497,0.001486,1.392165
956,0.455444,0.115993,0.499885,0.002377,-0.020656,-0.999784,-0.000589,0.999992,-0.003844,0.001482,1.393647
957,0.455445,0.117475,0.499853,0.002499,-0.021394,-0.999768,-0.000611,0.999990,-0.004475,0.001482,1.395129
958,0.455445,0.118960,0.499846,0.002621,-0.022131,-0.999752,-0.000618,0.999984,-0.005597,0.001485,1.396614
959,0.455446,0.120444,0.499854,0.003494,-0.022878,-0.999732,-0.000616,0.999974,-0.007252,0.001484,1.398098
960,0.455448,0.121930,0.499882,0.004362,-0.020792,-0.999774,-0.000620,0.999956,-0.009395,0.001486,1.399585
961,0.455447,0.123411,0.499954,0.005609,-0.020401,-0.999776,-0.000611,0.999929,-0.011886,0.001483,1.401067
962,0.455445,0.124896,0.500012,0.006857,-0.020009,-0.999776,-0.000580,0.999895,-0.014471,0.001486,1.402553
963,0.455445,0.126379,0.500025,0.009493,-0.021816,-0.999717,-0.000520,0.999858,-0.016850,0.001483,1.404036
964,0.455438,0.127868,0.500024,0.012130,-0.022355,-0.999677,-0.000431,0.999824,-0.018753,0.001490,1.405526
965,0.455443,0.129348,0.499952,0.014766,-0.022894,-0.999629,-0.000366,0.999792,-0.020380,0.001481,1.407007
966,0.455448,0.130828,0.499881,0.017397,-0.024187,-0.999556,-0.000326,0.999755,-0.022141,0.001481,1.408488
967,0.455447,0.132306,0.499891,0.020027,-0.025478,-0.999475,-0.000269,0.999710,-0.024097,0.001478,1.409967
968,0.455444,0.133780,0.499919,0.018693,-0.022766,-0.999566,-0.000200,0.999658,-0.026143,0.001475,1.411441
969,0.455445,0.135264,0.499914,0.016970,-0.017004,-0.999711,-0.000153,0.999607,-0.028021,0.001484,1.412925
970,0.455442,0.136743,0.499878,0.015239,-0.012661,-0.999804,-0.000123,0.999569,-0.029352,0.001479,1.414404
971,0.455440,0.138226,0.499822,0.013507,-0.008315,-0.999874,-0.000079,0.999555,-0.029843,0.001484,1.415889
972,0.455437,0.139710,0.499740,0.014419,-0.006615,-0.999874,-0.000039,0.999568,-0.029390,0.001486,1.417374
973,0.455435,0.141196,0.499656,0.015330,-0.006452,-0.999862,-0.000019,0.999605,-0.028089,0.001489,1.418863
974,0.455434,0.142682,0.499570,0.016244,-0.004376,-0.999858,-0.000018,0.999656,-0.026219,0.001488,1.420351
975,0.455436,0.144172,0.499478,0.016902,-0.002045,-0.999855,-0.000024,0.999709,-0.024112,0.001493,1.421844
976,0.455442,0.145633,0.499255,0.017559,0.000286,-0.999846,-0.000038,0.999762,-0.021807,0.001478,1.423322
977,0.455438,0.147112,0.499071,0.018029,0.001675,-0.999836,-0.000058,0.999817,-0.019127,0.001490,1.424812
978,0.455438,0.148593,0.498952,0.018498,0.003064,-0.999824,-0.000069,0.999872,-0.015974,0.001486,1.426298
979,0.455436,0.150063,0.498833,0.018276,0.004483,-0.999823,-0.000079,0.999925,-0.012281,0.001475,1.427773
980,0.455436,0.151580,0.498759,0.018052,0.005903,-0.999820,-0.000098,0.999967,-0.008062,0.001519,1.429293
981,0.455441,0.153085,0.498775,0.016776,0.006270,-0.999840,-0.000127,0.999994,-0.003454,0.001505,1.430797
982,0.455441,0.154579,0.498813,0.015500,0.006631,-0.999858,-0.000168,0.999999,0.001318,0.001495,1.432292
983,0.455445,0.156063,0.498807,0.014223,0.007974,-0.999867,-0.000217,0.999981,0.006147,0.001484,1.433776
984,0.455444,0.157568,0.498767,0.014069,0.010432,-0.999847,-0.000258,0.999939,0.011042,0.001506,1.435282
985,0.455442,0.159065,0.498783,0.012524,0.014282,-0.999820,-0.000285,0.999872,0.015975,0.001496,1.436778
986,0.455444,0.160558,0.498799,0.010980,0.015566,-0.999819,-0.000308,0.999778,0.021081,0.001493,1.438271
987,0.455446,0.162052,0.498815,0.009437,0.016850,-0.999813,-0.000328,0.999649,0.026481,0.001494,1.439765
988,0.455450,0.163545,0.498830,0.007538,0.016845,-0.999830,-0.000355,0.999489,0.031969,0.001494,1.441259
989,0.455445,0.165062,0.499023,0.005640,0.016841,-0.999842,-0.000391,0.999310,0.037138,0.001529,1.442788
990,0.455445,0.166530,0.499222,0.004792,0.017890,-0.999828,-0.000428,0.999125,0.041832,0.001481,1.444269
991,0.455444,0.167998,0.499420,0.003943,0.018486,-0.999821,-0.000464,0.998931,0.046224,0.001482,1.445751
992,0.455441,0.169473,0.499619,0.003096,0.019835,-0.999798,-0.000495,0.998730,0.050373,0.001488,1.447239
993,0.455438,0.170958,0.499770,0.002217,0.021152,-0.999774,-0.000522,0.998534,0.054118,0.001493,1.448732
994,0.455435,0.172442,0.499876,0.001275,0.022531,-0.999745,-0.000543,0.998362,0.057209,0.001488,1.450219
995,0.455434,0.173924,0.499988,0.000333,0.024415,-0.999702,-0.000568,0.998226,0.059532,0.001486,1.451706
996,0.455431,0.175407,0.500109,-0.000600,0.028576,-0.999591,-0.000597,0.998138,0.061001,0.001488,1.453193
997,0.455428,0.176895,0.500222,-0.004004,0.030266,-0.999534,-0.000624,0.998110,0.061457,0.001493,1.454686
998,0.455427,0.178370,0.500274,-0.006030,0.030223,-0.999525,-0.000649,0.998144,0.060900,0.001476,1.456162
999,0.455425,0.179847,0.500328,-0.008065,0.032340,-0.999444,-0.000649,0.998229,0.059480,0.001478,1.457640
1000,0.455424,0.181322,0.500422,-0.009859,0.035447,-0.999323,-0.000642,0.998351,0.057401,0.001479,1.459118
1001,0.455423,0.182799,0.500516,-0.011651,0.035736,-0.999293,-0.000659,0.998500,0.054755,0.001479,1.460598
1002,0.455423,0.184279,0.500610,-0.013496,0.035591,-0.999275,-0.000693,0.998666,0.051624,0.001483,1.462080
1003,0.455422,0.185759,0.500704,-0.015342,0.035446,-0.999254,-0.000734,0.998841,0.048136,0.001483,1.463564
1004,0.455421,0.187234,0.500823,-0.018015,0.037804,-0.999123,-0.000772,0.999013,0.044408,0.001480,1.465044
1005,0.455419,0.188705,0.500984,-0.020691,0.038897,-0.999029,-0.000801,0.999176,0.040581,0.001480,1.466524
1006,0.455418,0.190205,0.501099,-0.021113,0.042231,-0.998885,-0.000816,0.999323,0.036783,0.001504,1.468028
1007,0.455418,0.191689,0.501105,-0.021536,0.045564,-0.998729,-0.000817,0.999447,0.033242,0.001483,1.469511
1008,0.455421,0.193170,0.501117,-0.021955,0.045688,-0.998714,-0.000807,0.999544,0.030199,0.001481,1.470992
1009,0.455422,0.194654,0.501144,-0.022460,0.045856,-0.998696,-0.000788,0.999613,0.027796,0.001485,1.472477
1010,0.455422,0.196138,0.501171,-0.020596,0.040992,-0.998947,-0.000788,0.999660,0.026071,0.001484,1.473961
1011,0.455422,0.197624,0.501174,-0.018731,0.036126,-0.999172,-0.000789,0.999690,0.024877,0.001486,1.475447
1012,0.455421,0.199108,0.501174,-0.016865,0.031258,-0.999369,-0.000785,0.999713,0.023932,0.001484,1.476931
1013,0.455420,0.200592,0.501172,-0.014992,0.028121,-0.999492,-0.000773,0.999738,0.022894,0.001485,1.478416
1014,0.455419,0.202078,0.501171,-0.013122,0.026525,-0.999562,-0.000731,0.999764,0.021733,0.001486,1.479901
1015,0.455418,0.203561,0.501185,-0.011658,0.025336,-0.999611,-0.000678,0.999786,0.020680,0.001483,1.481385
1016,0.455418,0.205045,0.501214,-0.009937,0.023892,-0.999665,-0.000628,0.999805,0.019729,0.001484,1.482869
1017,0.455427,0.206538,0.501210,-0.008217,0.022713,-0.999708,-0.000588,0.999824,0.018769,0.001493,1.484362
1018,0.455412,0.208011,0.501090,-0.006497,0.022663,-0.999722,-0.000566,0.999841,0.017848,0.001477,1.485839
1019,0.455399,0.209497,0.500987,-0.005378,0.023215,-0.999716,-0.000564,0.999856,0.016979,0.001490,1.487329
1020,0.455396,0.210981,0.500997,-0.003565,0.023073,-0.999727,-0.000576,0.999872,0.016017,0.001484,1.488813
1021,0.455393,0.212465,0.501007,-0.001752,0.022471,-0.999746,-0.000591,0.999888,0.014983,0.001484,1.490297
1022,0.455393,0.213954,0.501033,0.000062,0.021868,-0.999761,-0.000613,0.999899,0.014170,0.001489,1.491787
1023,0.455391,0.215439,0.501062,0.001869,0.021278,-0.999772,-0.000621,0.999904,0.013845,0.001486,1.493272
1024,0.455394,0.216930,0.501132,0.003675,0.020689,-0.999779,-0.000640,0.999900,0.014134,0.001492,1.494765
1025,0.455398,0.218411,0.501214,0.004359,0.018984,-0.999810,-0.000686,0.999886,0.015099,0.001483,1.496248
1026,0.455405,0.219887,0.501352,0.005042,0.017371,-0.999836,-0.000718,0.999862,0.016614,0.001483,1.497730
1027,0.455403,0.221343,0.501568,0.005724,0.018324,-0.999816,-0.000739,0.999830,0.018415,0.001472,1.499202
1028,0.455402,0.222851,0.501722,0.006913,0.019784,-0.999780,-0.000760,0.999792,0.020359,0.001516,1.500718
1029,0.455401,0.224335,0.501745,0.008456,0.020891,-0.999746,-0.000891,0.999749,0.022367,0.001484,1.502202
1030,0.455381,0.225839,0.501728,0.009999,0.021997,-0.999708,-0.001377,0.999702,0.024361,0.001504,1.503706
1031,0.455392,0.227313,0.501632,0.011544,0.022155,-0.999688,-0.002489,0.999652,0.026279,0.001477,1.505183
1032,0.455403,0.228786,0.501536,0.013090,0.022764,-0.999655,-0.004533,0.999597,0.028034,0.001477,1.506660
1033,0.455405,0.230273,0.501541,0.014635,0.023374,-0.999620,-0.007835,0.999536,0.029446,0.001487,1.508146
1034,0.455406,0.231756,0.501549,0.016780,0.024015,-0.999571,-0.012730,0.999460,0.030279,0.001483,1.509630
1035,0.455403,0.233243,0.501580,0.018926,0.024656,-0.999517,-0.019569,0.999344,0.030486,0.001487,1.511117
1036,0.455401,0.234729,0.501613,0.021071,0.024792,-0.999471,-0.028755,0.999133,0.030116,0.001486,1.512603
1037,0.455398,0.236213,0.501655,0.023217,0.024929,-0.999420,-0.040673,0.998746,0.029201,0.001485,1.514088
1038,0.455395,0.237695,0.501704,0.027828,0.027535,-0.999233,-0.055697,0.998055,0.027994,0.001483,1.515571
1039,0.455391,0.239177,0.501773,0.032436,0.030139,-0.999019,-0.074221,0.996884,0.026705,0.001483,1.517054
1040,0.455388,0.240654,0.501858,0.037054,0.030580,-0.998845,-0.096473,0.995017,0.025193,0.001480,1.518534
1041,0.455384,0.242133,0.501939,0.043822,0.028083,-0.998645,-0.122529,0.992191,0.023324,0.001481,1.520015
1042,0.455381,0.243616,0.501996,0.050589,0.025584,-0.998392,-0.152413,0.988092,0.021071,0.001484,1.521499
1043,0.455379,0.245099,0.502054,0.057037,0.022760,-0.998113,-0.186065,0.982367,0.018306,0.001484,1.522984
1044,0.455375,0.246582,0.502112,0.063484,0.019936,-0.997784,-0.223378,0.974618,0.014935,0.001484,1.524468
1045,0.455371,0.248064,0.502170,0.069924,0.016242,-0.997420,-0.264273,0.964384,0.011100,0.001483,1.525951
1046,0.455367,0.249546,0.502232,0.072637,0.012510,-0.997280,-0.308603,0.951166,0.006827,0.001483,1.527434
1047,0.455275,0.250941,0.502289,0.073097,0.006543,-0.997303,-0.356103,0.934445,0.001856,0.001399,1.528833
1048,0.455097,0.252250,0.502339,0.073553,0.000577,-0.997291,-0.406477,0.913654,-0.003737,0.001322,1.530155
1049,0.454830,0.253470,0.502400,0.074026,-0.002183,-0.997254,-0.459310,0.888224,-0.009642,0.001251,1.531406
1050,0.454476,0.254603,0.502450,0.075080,-0.004360,-0.997168,-0.514088,0.857593,-0.015756,0.001188,1.532594
1051,0.454038,0.255653,0.502460,0.074156,-0.004555,-0.997236,-0.570229,0.821195,-0.021867,0.001138,1.533732
1052,0.453513,0.256614,0.502451,0.073231,-0.004750,-0.997304,-0.627031,0.778497,-0.027813,0.001095,1.534826
1053,0.452900,0.257487,0.502433,0.072306,-0.004945,-0.997370,-0.683647,0.729041,-0.033555,0.001067,1.535893
1054,0.452200,0.258272,0.502405,0.071440,-0.001960,-0.997443,-0.739067,0.672510,-0.038871,0.001053,1.536946
1055,0.451417,0.258971,0.502354,0.073326,-0.001752,-0.997306,-0.792145,0.608785,-0.043440,0.001051,1.537997
1056,0.450548,0.259582,0.502294,0.075620,-0.001953,-0.997135,-0.841618,0.538003,-0.047240,0.001063,1.539060
1057,0.449589,0.260104,0.502223,0.077913,-0.002154,-0.996958,-0.886207,0.460531,-0.050485,0.001094,1.540154
1058,0.448544,0.260540,0.502143,0.080206,-0.002619,-0.996775,-0.924713,0.376939,-0.053121,0.001136,1.541290
1059,0.447411,0.260887,0.502053,0.082497,-0.004244,-0.996582,-0.956027,0.288040,-0.055184,0.001188,1.542478
1060,0.446192,0.261146,0.501953,0.084296,-0.005365,-0.996426,-0.979176,0.194859,-0.056964,0.001250,1.543728
1061,0.444884,0.261334,0.501769,0.086094,-0.006485,-0.996266,-0.993401,0.098637,-0.058520,0.001334,1.545062
1062,0.443514,0.261408,0.501518,0.087893,-0.007144,-0.996104,-0.998215,0.000800,-0.059723,0.001395,1.546457
1063,0.442143,0.261310,0.501284,0.089691,-0.007804,-0.995939,-0.993437,-0.097074,-0.060498,0.001395,1.547852
1064,0.440857,0.261126,0.501074,0.088347,-0.007258,-0.996063,-0.979232,-0.193402,-0.060833,0.001316,1.549168
1065,0.439656,0.260856,0.500887,0.087002,-0.006713,-0.996186,-0.956081,-0.286742,-0.060726,0.001245,1.550413
1066,0.438467,0.260511,0.500842,0.085657,-0.006167,-0.996306,-0.924727,-0.375862,-0.060070,0.001239,1.551651
1067,0.437422,0.260086,0.500861,0.084311,-0.005714,-0.996423,-0.886124,-0.459695,-0.058862,0.001129,1.552780
1068,0.436464,0.259573,0.500889,0.082962,-0.005603,-0.996537,-0.841409,-0.537389,-0.056957,0.001087,1.553867
1069,0.435593,0.258973,0.500928,0.081105,-0.005999,-0.996688,-0.791828,-0.608339,-0.054146,0.001058,1.554925
1070,0.434809,0.258283,0.500951,0.079246,-0.006396,-0.996835,-0.738673,-0.672163,-0.050587,0.001045,1.555970
1071,0.434110,0.257503,0.500976,0.077388,-0.006792,-0.996978,-0.683205,-0.728748,-0.046452,0.001048,1.557018
1072,0.433496,0.256635,0.501011,0.074242,-0.006338,-0.997220,-0.626582,-0.778227,-0.041919,0.001064,1.558081
1073,0.432967,0.255681,0.501057,0.071094,-0.005884,-0.997452,-0.569783,-0.820941,-0.037443,0.001092,1.559173
1074,0.432511,0.254613,0.501054,0.067943,-0.005429,-0.997674,-0.513622,-0.857368,-0.033344,0.001161,1.560334
1075,0.432170,0.253487,0.500982,0.064222,-0.004973,-0.997923,-0.458819,-0.888033,-0.029721,0.001179,1.561513
1076,0.431919,0.252269,0.500924,0.060435,-0.004580,-0.998162,-0.405960,-0.913500,-0.026716,0.001245,1.562758
1077,0.431752,0.250964,0.500878,0.056684,-0.001255,-0.998391,-0.355541,-0.934340,-0.024471,0.001317,1.564075
1078,0.431671,0.249571,0.500845,0.055393,-0.000387,-0.998465,-0.307968,-0.951122,-0.022858,0.001395,1.565470
1079,0.431673,0.248089,0.500838,0.054103,0.000481,-0.998535,-0.263562,-0.964393,-0.021924,0.001482,1.566952
1080,0.431669,0.246608,0.500858,0.052812,0.001348,-0.998604,-0.222557,-0.974672,-0.021965,0.001482,1.568434
1081,0.431669,0.245125,0.500840,0.051521,0.002148,-0.998670,-0.185074,-0.982459,-0.022862,0.001483,1.569917
1082,0.431667,0.243642,0.500822,0.048072,0.005904,-0.998826,-0.151235,-0.988198,-0.024364,0.001483,1.571400
1083,0.431664,0.242159,0.500804,0.044624,0.009658,-0.998957,-0.121173,-0.992281,-0.026357,0.001483,1.572883
1084,0.431674,0.240664,0.500875,0.041176,0.013409,-0.999062,-0.094970,-0.995069,-0.028620,0.001496,1.574380
1085,0.431670,0.239184,0.500784,0.036817,0.016245,-0.999190,-0.072630,-0.996879,-0.030946,0.001483,1.575862
1086,0.431666,0.237704,0.500692,0.032465,0.016606,-0.999335,-0.054046,-0.997984,-0.033275,0.001483,1.577345
1087,0.431662,0.236224,0.500601,0.031842,0.017006,-0.999348,-0.038981,-0.998608,-0.035526,0.001483,1.578828
1088,0.431658,0.234744,0.500519,0.031218,0.017406,-0.999361,-0.027059,-0.998931,-0.037473,0.001482,1.580310
1089,0.431654,0.233268,0.500449,0.031175,0.018384,-0.999345,-0.017887,-0.999084,-0.038887,0.001478,1.581788
1090,0.431655,0.231787,0.500378,0.031131,0.019748,-0.999320,-0.011072,-0.999155,-0.039585,0.001483,1.583271
1091,0.431657,0.230306,0.500308,0.030233,0.020797,-0.999326,-0.006245,-0.999196,-0.039591,0.001483,1.584753
1092,0.431662,0.228822,0.500298,0.029335,0.021847,-0.999331,-0.003050,-0.999233,-0.039040,0.001484,1.586237
1093,0.431665,0.227341,0.500233,0.028437,0.022896,-0.999333,-0.001106,-0.999276,-0.038019,0.001483,1.587720
1094,0.431669,0.225860,0.500168,0.027542,0.022393,-0.999370,-0.000058,-0.999329,-0.036640,0.001483,1.589203
1095,0.431673,0.224378,0.500103,0.024907,0.018649,-0.999516,0.000390,-0.999392,-0.034875,0.001483,1.590685
1096,0.431678,0.222897,0.500040,0.019508,0.017684,-0.999653,0.000500,-0.999465,-0.032698,0.001483,1.592168
1097,0.431672,0.221415,0.499869,0.014109,0.016718,-0.999761,0.000507,-0.999550,-0.029993,0.001492,1.593659
1098,0.431672,0.219929,0.499755,0.008713,0.015752,-0.999838,0.000523,-0.999642,-0.026754,0.001491,1.595151
1099,0.431674,0.218440,0.499666,0.003317,0.014880,-0.999884,0.000539,-0.999727,-0.023378,0.001491,1.596642
1100,0.431676,0.216953,0.499576,-0.002073,0.015165,-0.999883,0.000545,-0.999797,-0.020128,0.001490,1.598132
1101,0.431681,0.215467,0.499487,-0.006378,0.014347,-0.999877,0.000547,-0.999856,-0.016970,0.001488,1.599620
1102,0.431686,0.213983,0.499402,-0.009635,0.014575,-0.999847,0.000562,-0.999905,-0.013792,0.001487,1.601107
1103,0.431691,0.212500,0.499317,-0.012889,0.018099,-0.999753,0.000590,-0.999943,-0.010631,0.001486,1.602592
1104,0.431697,0.211017,0.499232,-0.014271,0.019776,-0.999703,0.000608,-0.999972,-0.007483,0.001485,1.604078
1105,0.431687,0.209518,0.499178,-0.012494,0.020245,-0.999717,0.000616,-0.999990,-0.004408,0.001499,1.605577
1106,0.431691,0.207994,0.499278,-0.010716,0.020713,-0.999728,0.000613,-0.999998,-0.001733,0.001528,1.607105
1107,0.431689,0.206515,0.499398,-0.008937,0.021182,-0.999736,0.000604,-1.000000,0.000497,0.001484,1.608589
1108,0.431687,0.205035,0.499518,-0.007155,0.018685,-0.999800,0.000597,-0.999997,0.002283,0.001485,1.610074
1109,0.431685,0.203553,0.499631,-0.005372,0.016530,-0.999849,0.000593,-0.999993,0.003640,0.001486,1.611560
1110,0.431682,0.202066,0.499705,-0.003589,0.014374,-0.999890,0.000587,-0.999988,0.004920,0.001489,1.613048
1111,0.431680,0.200578,0.499754,-0.001591,0.012432,-0.999921,0.000567,-0.999980,0.006349,0.001489,1.614538
1112,0.431678,0.199089,0.499800,0.000395,0.008252,-0.999966,0.000546,-0.999969,0.007848,0.001489,1.616027
1113,0.431676,0.197600,0.499845,0.001019,0.006812,-0.999976,0.000524,-0.999958,0.009195,0.001490,1.617517
1114,0.431677,0.196116,0.499899,0.001643,0.005372,-0.999984,0.000488,-0.999947,0.010253,0.001486,1.619002
1115,0.431683,0.194637,0.500005,0.002268,0.003933,-0.999990,0.000463,-0.999941,0.010874,0.001482,1.620485
1116,0.431684,0.193159,0.500042,0.002892,0.003346,-0.999990,0.000459,-0.999939,0.011047,0.001479,1.621964
1117,0.431687,0.191680,0.500079,0.003580,0.002823,-0.999990,0.000469,-0.999938,0.011124,0.001479,1.623442
1118,0.431689,0.190201,0.500117,0.004245,-0.000625,-0.999991,0.000480,-0.999937,0.011233,0.001480,1.624922
1119,0.431693,0.188721,0.500150,0.002430,-0.001620,-0.999996,0.000479,-0.999936,0.011285,0.001480,1.626402
1120,0.431697,0.187238,0.500181,0.000298,-0.002931,-0.999996,0.000466,-0.999937,0.011236,0.001484,1.627886
1121,0.431700,0.185755,0.500213,-0.001832,-0.005324,-0.999984,0.000450,-0.999941,0.010880,0.001484,1.629369
1122,0.431691,0.184260,0.500243,-0.003963,-0.007649,-0.999963,0.000436,-0.999951,0.009938,0.001495,1.630865
1123,0.431691,0.182755,0.500147,-0.006094,-0.009974,-0.999932,0.000413,-0.999964,0.008527,0.001508,1.632373
1124,0.431688,0.181298,0.499979,-0.007397,-0.011471,-0.999907,0.000389,-0.999975,0.007051,0.001466,1.633839
1125,0.431697,0.179824,0.499860,-0.008700,-0.011913,-0.999891,0.000378,-0.999984,0.005674,0.001479,1.635318
1126,0.431705,0.178349,0.499741,-0.007869,-0.012670,-0.999889,0.000354,-0.999990,0.004418,0.001479,1.636797
1127,0.431713,0.176875,0.499622,-0.007037,-0.010955,-0.999915,0.000299,-0.999994,0.003306,0.001479,1.638277
1128,0.431712,0.175352,0.499662,-0.006205,-0.009240,-0.999938,0.000219,-0.999997,0.002251,0.001524,1.639800
1129,0.431709,0.173870,0.499723,-0.005373,-0.007525,-0.999957,0.000132,-0.999999,0.001225,0.001483,1.641283
1130,0.431705,0.172389,0.499783,-0.005123,-0.006946,-0.999963,0.000049,-1.000000,0.000449,0.001483,1.642766
1131,0.431702,0.170908,0.499840,-0.004873,-0.006753,-0.999965,-0.000046,-1.000000,0.000217,0.001482,1.644248
1132,0.431694,0.169432,0.499956,-0.004355,-0.006829,-0.999967,-0.000170,-1.000000,0.000609,0.001480,1.645728
1133,0.431703,0.167943,0.500018,-0.002814,-0.005879,-0.999979,-0.000323,-0.999999,0.001668,0.001490,1.647218
1134,0.431703,0.166458,0.500041,-0.001276,-0.006484,-0.999978,-0.000505,-0.999994,0.003293,0.001485,1.648703
1135,0.431704,0.164973,0.500064,0.000263,-0.005535,-0.999985,-0.000714,-0.999987,0.005083,0.001485,1.650189
1136,0.431702,0.163483,0.500080,0.003488,-0.006267,-0.999974,-0.000933,-0.999977,0.006788,0.001490,1.651679
1137,0.431699,0.162000,0.500051,0.009292,-0.004383,-0.999947,-0.001153,-0.999964,0.008451,0.001483,1.653162
1138,0.431696,0.160518,0.500022,0.015035,0.000766,-0.999887,-0.001370,-0.999947,0.010205,0.001482,1.654645
1139,0.431693,0.159035,0.499993,0.020785,0.005922,-0.999766,-0.001651,-0.999926,0.012047,0.001483,1.656128
1140,0.431689,0.157551,0.499974,0.026541,0.010991,-0.999587,-0.001999,-0.999904,0.013675,0.001484,1.657612
1141,0.431689,0.156064,0.500012,0.032302,0.016064,-0.999349,-0.002301,-0.999891,0.014600,0.001488,1.659099
1142,0.431691,0.154583,0.500068,0.035753,0.018843,-0.999183,-0.002503,-0.999893,0.014438,0.001483,1.660582
1143,0.431692,0.153101,0.500124,0.037975,0.020890,-0.999060,-0.002588,-0.999911,0.013125,0.001483,1.662065
1144,0.431691,0.151618,0.500175,0.040184,0.019631,-0.998999,-0.002571,-0.999938,0.010835,0.001484,1.663549
1145,0.431687,0.150133,0.500160,0.040527,0.020225,-0.998974,-0.002489,-0.999967,0.007780,0.001485,1.665034
1146,0.431684,0.148652,0.500144,0.040869,0.020820,-0.998948,-0.002356,-0.999988,0.004242,0.001481,1.666515
1147,0.431680,0.147171,0.500160,0.040249,0.018342,-0.999021,-0.002182,-0.999998,0.000420,0.001481,1.667996
1148,0.431677,0.145690,0.500176,0.037777,0.017594,-0.999131,-0.001968,-0.999991,-0.003809,0.001481,1.669477
1149,0.431665,0.144202,0.500191,0.035302,0.019819,-0.999180,-0.001728,-0.999963,-0.008471,0.001488,1.670965
1150,0.431654,0.142705,0.500239,0.032827,0.022044,-0.999218,-0.001409,-0.999909,-0.013392,0.001498,1.672463
1151,0.431644,0.141213,0.500289,0.030351,0.024270,-0.999245,-0.001010,-0.999832,-0.018326,0.001493,1.673956
1152,0.431636,0.139724,0.500338,0.028948,0.025960,-0.999244,-0.000633,-0.999737,-0.022903,0.001490,1.675446
1153,0.431627,0.138234,0.500365,0.027551,0.029889,-0.999173,-0.000318,-0.999638,-0.026899,0.001490,1.676935
1154,0.431621,0.136761,0.500406,0.028824,0.031173,-0.999098,-0.000065,-0.999538,-0.030408,0.001474,1.678409
1155,0.431613,0.135284,0.500487,0.030096,0.032456,-0.999020,0.000160,-0.999436,-0.033595,0.001479,1.679888
1156,0.431605,0.133808,0.500568,0.031368,0.034686,-0.998906,0.000403,-0.999330,-0.036606,0.001478,1.681367
1157,0.431535,0.132270,0.500639,0.033440,0.035263,-0.998818,0.000672,-0.999218,-0.039533,0.001541,1.682908
1158,0.431548,0.130718,0.500510,0.035513,0.035840,-0.998726,0.000963,-0.999099,-0.042432,0.001558,1.684466
1159,0.431584,0.129268,0.500239,0.037584,0.036416,-0.998630,0.001265,-0.998975,-0.045241,0.001476,1.685942
1160,0.431618,0.127818,0.499967,0.039652,0.038670,-0.998465,0.001591,-0.998849,-0.047930,0.001475,1.687416
1161,0.431650,0.126368,0.499695,0.044350,0.038920,-0.998258,0.001954,-0.998719,-0.050571,0.001476,1.688892
1162,0.431659,0.124894,0.499495,0.049043,0.040249,-0.997985,0.002342,-0.998579,-0.053239,0.001488,1.690380
1163,0.431663,0.123414,0.499352,0.053734,0.041577,-0.997689,0.002763,-0.998422,-0.056093,0.001487,1.691867
1164,0.431670,0.121932,0.499196,0.058423,0.042904,-0.997370,0.003289,-0.998245,-0.059127,0.001490,1.693357
1165,0.431678,0.120449,0.499039,0.060535,0.042316,-0.997269,0.003874,-0.998073,-0.061922,0.001491,1.694849
1166,0.431692,0.118972,0.498884,0.062648,0.040673,-0.997207,0.004386,-0.997937,-0.064049,0.001485,1.696334
1167,0.431693,0.117474,0.498825,0.063537,0.040256,-0.997167,0.004751,-0.997858,-0.065241,0.001499,1.697833
1168,0.431692,0.116010,0.498762,0.064426,0.039840,-0.997127,0.004958,-0.997848,-0.065379,0.001465,1.699298
1169,0.431702,0.114533,0.498688,0.065316,0.038800,-0.997110,0.005061,-0.997902,-0.064542,0.001480,1.700777
1170,0.431709,0.113053,0.498613,0.066206,0.037760,-0.997091,0.005102,-0.998009,-0.062871,0.001482,1.702259
1171,0.431714,0.111571,0.498539,0.067095,0.037276,-0.997050,0.005084,-0.998158,-0.060455,0.001484,1.703742
1172,0.431719,0.110095,0.498426,0.067983,0.036793,-0.997008,0.004995,-0.998347,-0.057253,0.001480,1.705223
1173,0.431728,0.108610,0.498371,0.069569,0.036503,-0.996909,0.004815,-0.998575,-0.053149,0.001486,1.706709
1174,0.431737,0.107124,0.498316,0.069684,0.035638,-0.996932,0.004530,-0.998829,-0.048177,0.001487,1.708196
1175,0.431746,0.105638,0.498260,0.069795,0.036327,-0.996900,0.004090,-0.999085,-0.042574,0.001487,1.709683
1176,0.431756,0.104157,0.498172,0.069907,0.037015,-0.996867,0.003542,-0.999321,-0.036679,0.001483,1.711166
1177,0.431763,0.102670,0.498102,0.070018,0.037704,-0.996833,0.003013,-0.999518,-0.030903,0.001489,1.712656
1178,0.431770,0.101183,0.498038,0.067547,0.035379,-0.997089,0.002570,-0.999669,-0.025607,0.001488,1.714144
1179,0.431777,0.099696,0.497974,0.065127,0.029779,-0.997433,0.002219,-0.999781,-0.020826,0.001488,1.715632
1180,0.431785,0.098218,0.497891,0.062706,0.024182,-0.997739,0.001904,-0.999864,-0.016403,0.001480,1.717112
1181,0.431810,0.096719,0.497798,0.059693,0.017979,-0.998055,0.001590,-0.999924,-0.012219,0.001502,1.718614
1182,0.431814,0.095231,0.497773,0.055721,0.012206,-0.998372,0.001281,-0.999965,-0.008230,0.001489,1.720103
1183,0.431819,0.093743,0.497749,0.054065,0.008724,-0.998499,0.000990,-0.999990,-0.004454,0.001488,1.721591
1184,0.431824,0.092255,0.497724,0.052589,0.004926,-0.998604,0.000733,-0.999999,-0.000821,0.001488,1.723079
1185,0.431803,0.090757,0.497823,0.051113,0.001129,-0.998692,0.000507,-0.999996,0.002769,0.001501,1.724580
1186,0.431801,0.089271,0.497865,0.047507,-0.005578,-0.998855,0.000293,-0.999980,0.006394,0.001487,1.726068
1187,0.431800,0.087784,0.497906,0.043442,-0.009023,-0.999015,0.000087,-0.999949,0.010084,0.001488,1.727555
1188,0.431798,0.086296,0.497947,0.040340,-0.009407,-0.999142,-0.000122,-0.999903,0.013949,0.001488,1.729043
1189,0.431795,0.084803,0.498005,0.039082,-0.011515,-0.999170,-0.000327,-0.999838,0.017974,0.001494,1.730537
1190,0.431783,0.083319,0.498084,0.037822,-0.013623,-0.999192,-0.000516,-0.999760,0.021922,0.001486,1.732023
1191,0.431772,0.081835,0.498162,0.036579,-0.012352,-0.999254,-0.000695,-0.999669,0.025736,0.001486,1.733510
1192,0.431760,0.080351,0.498241,0.037525,-0.013276,-0.999208,-0.000833,-0.999570,0.029309,0.001486,1.734996
1193,0.431750,0.078865,0.498289,0.037187,-0.013884,-0.999212,-0.000933,-0.999474,0.032428,0.001487,1.736483
1194,0.431747,0.077383,0.498347,0.036849,-0.014493,-0.999216,-0.001040,-0.999387,0.034999,0.001484,1.737966
1195,0.431744,0.075900,0.498387,0.036514,-0.013554,-0.999241,-0.001147,-0.999316,0.036958,0.001483,1.739449
1196,0.431742,0.074418,0.498427,0.036179,-0.012615,-0.999266,-0.001236,-0.999264,0.038341,0.001483,1.740932
1197,0.431741,0.072936,0.498466,0.036921,-0.013164,-0.999231,-0.001300,-0.999232,0.039162,0.001482,1.742414
1198,0.431741,0.071460,0.498522,0.036866,-0.012917,-0.999237,-0.001325,-0.999228,0.039256,0.001477,1.743891
1199,0.431744,0.069980,0.498586,0.036810,-0.012670,-0.999242,-0.001308,-0.999260,0.038432,0.001482,1.745373
1200,0.431746,0.068499,0.498650,0.036754,-0.012837,-0.999242,-0.001264,-0.999322,0.036805,0.001482,1.746855
1201,0.431748,0.067017,0.498716,0.036699,-0.014675,-0.999219,-0.001214,-0.999400,0.034602,0.001484,1.748339
1202,0.431747,0.065540,0.498842,0.034724,-0.013861,-0.999301,-0.001162,-0.999490,0.031915,0.001482,1.749821
1203,0.431750,0.064051,0.498918,0.032941,-0.013508,-0.999366,-0.001134,-0.999580,0.028948,0.001491,1.751312
1204,0.431749,0.062568,0.498993,0.031158,-0.013071,-0.999429,-0.001127,-0.999664,0.025887,0.001485,1.752797
1205,0.431748,0.061084,0.499068,0.029375,-0.012635,-0.999489,-0.001093,-0.999740,0.022768,0.001485,1.754282
1206,0.431756,0.059619,0.499207,0.029347,-0.011112,-0.999508,-0.001047,-0.999808,0.019561,0.001472,1.755755
1207,0.431763,0.058117,0.499311,0.029319,-0.009589,-0.999524,-0.001015,-0.999868,0.016241,0.001505,1.757260
1208,0.431765,0.056630,0.499365,0.028984,-0.008372,-0.999545,-0.000999,-0.999917,0.012857,0.001488,1.758748
1209,0.431766,0.055144,0.499418,0.029648,-0.007267,-0.999534,-0.000998,-0.999955,0.009474,0.001487,1.760235
1210,0.431768,0.053659,0.499472,0.030313,-0.005537,-0.999525,-0.001013,-0.999980,0.006174,0.001486,1.761721
1211,0.431762,0.052142,0.499426,0.030977,-0.003807,-0.999513,-0.001036,-0.999995,0.002917,0.001518,1.763239
1212,0.431743,0.050674,0.499379,0.031642,-0.002076,-0.999497,-0.001054,-0.999999,-0.000318,0.001468,1.764707
1213,0.431742,0.049188,0.499361,0.032305,-0.002052,-0.999476,-0.001077,-0.999993,-0.003589,0.001487,1.766194
1214,0.431741,0.047700,0.499343,0.032270,-0.002222,-0.999477,-0.001118,-0.999975,-0.006981,0.001487,1.767682
1215,0.431737,0.046199,0.499315,0.032683,-0.002842,-0.999462,-0.001179,-0.999946,-0.010306,0.001501,1.769183
1216,0.431731,0.044718,0.499202,0.033096,-0.003462,-0.999446,-0.001262,-0.999910,-0.013364,0.001485,1.770668
1217,0.431724,0.043236,0.499112,0.033954,-0.001844,-0.999422,-0.001365,-0.999870,-0.016095,0.001486,1.772154
1218,0.431719,0.041750,0.499032,0.034880,-0.000294,-0.999391,-0.001477,-0.999830,-0.018367,0.001488,1.773641
1219,0.431714,0.040264,0.498953,0.035806,0.001648,-0.999357,-0.001578,-0.999797,-0.020101,0.001488,1.775129
1220,0.431708,0.038785,0.498891,0.036732,0.003589,-0.999319,-0.001663,-0.999769,-0.021414,0.001480,1.776610
1221,0.431707,0.037301,0.498837,0.037658,0.005531,-0.999275,-0.001734,-0.999746,-0.022461,0.001485,1.778095
1222,0.431707,0.035818,0.498763,0.039166,0.009972,-0.999183,-0.001793,-0.999728,-0.023265,0.001485,1.779579
1223,0.431706,0.034334,0.498712,0.041633,0.013987,-0.999035,-0.001840,-0.999717,-0.023726,0.001486,1.781065
1224,0.431704,0.032853,0.498664,0.044100,0.018002,-0.998865,-0.001839,-0.999714,-0.023848,0.001481,1.782546
1225,0.431703,0.031373,0.498612,0.045821,0.021275,-0.998723,-0.001768,-0.999716,-0.023776,0.001480,1.784027
1226,0.431704,0.029893,0.498561,0.047546,0.023288,-0.998598,-0.001628,-0.999717,-0.023733,0.001481,1.785508
1227,0.431705,0.028413,0.498510,0.051395,0.028196,-0.998280,-0.001419,-0.999713,-0.023922,0.001481,1.786989
1228,0.431703,0.026933,0.498471,0.055700,0.029846,-0.998001,-0.001153,-0.999703,-0.024348,0.001481,1.788470
1229,0.431709,0.025449,0.498399,0.060002,0.031495,-0.997701,-0.000852,-0.999688,-0.024974,0.001486,1.789955
1230,0.431709,0.023965,0.498373,0.063290,0.032128,-0.997478,-0.000547,-0.999667,-0.025814,0.001484,1.791439
1231,0.431708,0.022481,0.498347,0.066575,0.033151,-0.997231,-0.000245,-0.999643,-0.026705,0.001484,1.792923
1232,0.431708,0.020997,0.498321,0.069846,0.030797,-0.997082,0.000047,-0.999623,-0.027449,0.001485,1.794408
1233,0.431702,0.019503,0.498349,0.070939,0.030650,-0.997010,0.000319,-0.999608,-0.028010,0.001494,1.795902
1234,0.431692,0.018022,0.498426,0.071950,0.030420,-0.996944,0.000571,-0.999594,-0.028504,0.001483,1.797385
1235,0.431683,0.016543,0.498503,0.072966,0.028814,-0.996918,0.000789,-0.999581,-0.028922,0.001482,1.798867
1236,0.431673,0.015064,0.498580,0.072861,0.026778,-0.996983,0.000950,-0.999577,-0.029058,0.001480,1.800347
1237,0.431662,0.013560,0.498618,0.072756,0.024742,-0.997043,0.001047,-0.999584,-0.028816,0.001505,1.801852
1238,0.431666,0.012077,0.498561,0.071578,0.023251,-0.997164,0.001096,-0.999602,-0.028194,0.001484,1.803335
1239,0.431670,0.010594,0.498507,0.070401,0.023416,-0.997244,0.001117,-0.999627,-0.027287,0.001484,1.804820
1240,0.431674,0.009111,0.498453,0.069223,0.023581,-0.997322,0.001127,-0.999653,-0.026334,0.001484,1.806304
1241,0.431677,0.007627,0.498399,0.068044,0.024160,-0.997390,0.001143,-0.999673,-0.025540,0.001484,1.807788
1242,0.431691,0.006134,0.498259,0.066866,0.024739,-0.997455,0.001166,-0.999685,-0.025058,0.001500,1.809288
1243,0.431707,0.004662,0.498092,0.064684,0.024369,-0.997608,0.001206,-0.999686,-0.025039,0.001482,1.810770
1244,0.431723,0.003188,0.497924,0.062311,0.024785,-0.997749,0.001271,-0.999674,-0.025486,0.001483,1.812253
1245,0.431733,0.001709,0.497758,0.059937,0.025118,-0.997886,0.001341,-0.999656,-0.026211,0.001489,1.813742
1246,0.431741,0.000218,0.497660,0.057562,0.025451,-0.998017,0.001397,-0.999633,-0.027057,0.001494,1.815237
1247,0.431745,-0.001266,0.497613,0.054594,0.025190,-0.998191,0.001446,-0.999605,-0.028054,0.001484,1.816721
1248,0.431748,-0.002750,0.497566,0.051628,0.025743,-0.998335,0.001495,-0.999571,-0.029256,0.001484,1.818205
1249,0.431752,-0.004233,0.497519,0.049412,0.026151,-0.998436,0.001518,-0.999533,-0.030534,0.001484,1.819689
1250,0.431747,-0.005723,0.497513,0.046197,0.026671,-0.998576,0.001501,-0.999497,-0.031691,0.001490,1.821179
1251,0.431748,-0.007203,0.497505,0.042981,0.027190,-0.998706,0.001439,-0.999467,-0.032610,0.001480,1.822659
1252,0.431749,-0.008685,0.497495,0.039764,0.027708,-0.998825,0.001329,-0.999449,-0.033153,0.001483,1.824142
1253,0.431749,-0.010169,0.497486,0.036547,0.026939,-0.998969,0.001176,-0.999448,-0.033209,0.001483,1.825625
1254,0.431749,-0.011653,0.497478,0.033329,0.027873,-0.999056,0.000988,-0.999461,-0.032823,0.001484,1.827109
1255,0.431745,-0.013135,0.497520,0.030111,0.028807,-0.999131,0.000773,-0.999487,-0.032008,0.001483,1.828592
1256,0.431746,-0.014620,0.497543,0.027527,0.030374,-0.999159,0.000551,-0.999524,-0.030855,0.001485,1.830077
1257,0.431745,-0.016103,0.497554,0.024944,0.031446,-0.999194,0.000349,-0.999563,-0.029554,0.001483,1.831561
1258,0.431744,-0.017586,0.497566,0.021918,0.030283,-0.999301,0.000174,-0.999603,-0.028161,0.001483,1.833044
1259,0.431743,-0.019083,0.497560,0.018825,0.029188,-0.999397,0.000015,-0.999644,-0.026694,0.001496,1.834540
1260,0.431741,-0.020562,0.497471,0.015732,0.028092,-0.999482,-0.000113,-0.999681,-0.025255,0.001482,1.836022
1261,0.431739,-0.022042,0.497382,0.013023,0.027379,-0.999540,-0.000195,-0.999712,-0.023992,0.001483,1.837505
1262,0.431738,-0.023523,0.497293,0.010718,0.026262,-0.999598,-0.000226,-0.999735,-0.023003,0.001483,1.838988
1263,0.431737,-0.025004,0.497223,0.008429,0.023260,-0.999694,-0.000215,-0.999750,-0.022347,0.001483,1.840471
1264,0.431735,-0.026486,0.497156,0.006141,0.020259,-0.999776,-0.000176,-0.999760,-0.021923,0.001483,1.841954
1265,0.431734,-0.027969,0.497084,0.003854,0.017259,-0.999844,-0.000114,-0.999768,-0.021545,0.001485,1.843440
1266,0.431732,-0.029453,0.497013,0.002546,0.016574,-0.999859,-0.000038,-0.999775,-0.021210,0.001485,1.844925
1267,0.431730,-0.030938,0.496946,0.001233,0.017145,-0.999852,0.000049,-0.999782,-0.020891,0.001487,1.846412
1268,0.431730,-0.032420,0.496892,-0.000080,0.017716,-0.999843,0.000135,-0.999789,-0.020545,0.001483,1.847894
1269,0.431730,-0.033905,0.496825,-0.001393,0.018287,-0.999832,0.000221,-0.999795,-0.020226,0.001486,1.849381
1270,0.431729,-0.035389,0.496767,-0.002706,0.018650,-0.999822,0.000319,-0.999801,-0.019944,0.001485,1.850866
1271,0.431729,-0.036873,0.496710,-0.002776,0.019794,-0.999800,0.000429,-0.999805,-0.019734,0.001485,1.852351
1272,0.431728,-0.038357,0.496652,-0.002847,0.020547,-0.999785,0.000546,-0.999808,-0.019599,0.001485,1.853836
1273,0.431731,-0.039850,0.496672,-0.002917,0.021301,-0.999769,0.000667,-0.999811,-0.019443,0.001493,1.855329
1274,0.431734,-0.041334,0.496693,-0.002988,0.022149,-0.999750,0.000793,-0.999816,-0.019181,0.001485,1.856814
1275,0.431737,-0.042819,0.496714,-0.002172,0.022274,-0.999750,0.000928,-0.999822,-0.018854,0.001485,1.858299
1276,0.431740,-0.044304,0.496722,-0.001355,0.023775,-0.999716,0.001064,-0.999828,-0.018505,0.001484,1.859783
1277,0.431743,-0.045790,0.496723,0.000580,0.024161,-0.999708,0.001202,-0.999835,-0.018151,0.001486,1.861270
1278,0.431745,-0.047274,0.496735,0.002514,0.024548,-0.999695,0.001339,-0.999839,-0.017873,0.001484,1.862754
1279,0.431748,-0.048759,0.496747,0.004446,0.026197,-0.999647,0.001472,-0.999844,-0.017628,0.001484,1.864238
1280,0.431751,-0.050243,0.496759,0.006378,0.026191,-0.999637,0.001593,-0.999847,-0.017391,0.001484,1.865723
1281,0.431753,-0.051727,0.496750,0.008310,0.026184,-0.999623,0.001700,-0.999849,-0.017288,0.001485,1.867207
1282,0.431754,-0.053209,0.496752,0.010242,0.026178,-0.999605,0.001805,-0.999847,-0.017384,0.001481,1.868689
1283,0.431757,-0.054691,0.496765,0.011671,0.026174,-0.999589,0.001913,-0.999841,-0.017707,0.001482,1.870171
1284,0.431759,-0.056173,0.496779,0.014405,0.026099,-0.999556,0.002027,-0.999831,-0.018265,0.001482,1.871653
1285,0.431760,-0.057656,0.496793,0.017138,0.025698,-0.999523,0.002144,-0.999816,-0.019062,0.001483,1.873136
1286,0.431762,-0.059147,0.496717,0.019872,0.025298,-0.999482,0.002263,-0.999796,-0.020063,0.001493,1.874629
1287,0.431768,-0.060628,0.496636,0.022605,0.024896,-0.999434,0.002385,-0.999772,-0.021242,0.001483,1.876113
1288,0.431773,-0.062110,0.496554,0.027416,0.023880,-0.999339,0.002507,-0.999742,-0.022570,0.001484,1.877596
1289,0.431778,-0.063591,0.496472,0.032226,0.022050,-0.999237,0.002629,-0.999707,-0.024076,0.001484,1.879080
1290,0.431782,-0.065073,0.496396,0.036588,0.020668,-0.999117,0.002768,-0.999663,-0.025814,0.001484,1.880564
1291,0.431786,-0.066554,0.496337,0.040950,0.019286,-0.998975,0.002916,-0.999614,-0.027618,0.001482,1.882046
1292,0.431790,-0.068035,0.496282,0.045311,0.017424,-0.998821,0.003052,-0.999567,-0.029252,0.001482,1.883528
1293,0.431794,-0.069516,0.496227,0.049545,0.015688,-0.998649,0.003164,-0.999529,-0.030513,0.001482,1.885010
1294,0.431798,-0.070997,0.496172,0.053778,0.015240,-0.998437,0.003241,-0.999506,-0.031248,0.001482,1.886492
1295,0.431802,-0.072481,0.496128,0.058010,0.014791,-0.998206,0.003277,-0.999500,-0.031447,0.001484,1.887977
1296,0.431803,-0.073965,0.496116,0.062241,0.014342,-0.997958,0.003271,-0.999510,-0.031119,0.001484,1.889460
1297,0.431805,-0.075449,0.496104,0.065837,0.012112,-0.997757,0.003121,-0.999536,-0.030303,0.001484,1.890945
1298,0.431806,-0.076933,0.496093,0.069432,0.010376,-0.997533,0.002597,-0.999574,-0.029087,0.001484,1.892429
1299,0.431812,-0.078421,0.496032,0.073027,0.008640,-0.997293,0.001418,-0.999621,-0.027509,0.001489,1.893918
1300,0.431823,-0.079906,0.495944,0.078098,0.008415,-0.996910,-0.000740,-0.999673,-0.025551,0.001487,1.895405
1301,0.431834,-0.081390,0.495856,0.083168,0.008191,-0.996502,-0.004214,-0.999721,-0.023240,0.001487,1.896892
1302,0.431845,-0.082874,0.495768,0.087857,0.007583,-0.996104,-0.009331,-0.999741,-0.020774,0.001487,1.898379
1303,0.431853,-0.084359,0.495699,0.092135,0.009553,-0.995701,-0.016396,-0.999694,-0.018503,0.001487,1.899866
1304,0.431863,-0.085847,0.495636,0.096412,0.011522,-0.995275,-0.025756,-0.999528,-0.016748,0.001489,1.901355
1305,0.431869,-0.087332,0.495589,0.095297,0.010205,-0.995397,-0.037804,-0.999161,-0.015735,0.001486,1.902841
1306,0.431874,-0.088818,0.495543,0.094180,0.008888,-0.995515,-0.052908,-0.998477,-0.015615,0.001486,1.904327
1307,0.431880,-0.090303,0.495496,0.092823,0.005994,-0.995665,-0.071478,-0.997313,-0.016062,0.001486,1.905813
1308,0.431896,-0.091802,0.495457,0.091465,0.003100,-0.995803,-0.093787,-0.995454,-0.016571,0.001499,1.907312
1309,0.431893,-0.093291,0.495484,0.091320,0.001432,-0.995821,-0.119941,-0.992636,-0.016947,0.001489,1.908802
1310,0.431890,-0.094780,0.495511,0.091174,-0.000236,-0.995835,-0.149956,-0.988543,-0.017229,0.001489,1.910291
1311,0.431888,-0.096268,0.495538,0.090495,-0.001696,-0.995896,-0.183785,-0.982810,-0.017565,0.001489,1.911780
1312,0.431885,-0.097758,0.495579,0.089583,-0.002922,-0.995975,-0.221332,-0.975031,-0.018062,0.001491,1.913271
1313,0.431880,-0.099242,0.495628,0.088672,-0.004148,-0.996052,-0.262500,-0.964752,-0.018625,0.001485,1.914755
1314,0.431876,-0.100727,0.495676,0.087814,-0.005321,-0.996123,-0.307166,-0.951468,-0.018938,0.001485,1.916241
1315,0.431787,-0.102123,0.495709,0.086955,-0.006588,-0.996190,-0.355099,-0.934640,-0.018790,0.001399,1.917640
1316,0.431614,-0.103430,0.495728,0.085610,-0.007046,-0.996304,-0.405947,-0.913716,-0.018197,0.001319,1.918959
1317,0.431338,-0.104652,0.495783,0.081995,-0.005209,-0.996619,-0.459286,-0.888123,-0.017149,0.001253,1.920212
1318,0.430972,-0.105785,0.495824,0.078367,-0.006767,-0.996902,-0.514583,-0.857291,-0.016006,0.001192,1.921404
1319,0.430521,-0.106832,0.495846,0.074735,-0.008327,-0.997169,-0.571224,-0.820656,-0.015054,0.001140,1.922544
1320,0.429985,-0.107801,0.495816,0.071099,-0.011152,-0.997407,-0.628472,-0.777700,-0.014354,0.001108,1.923652
1321,0.429386,-0.108674,0.495712,0.067741,-0.014262,-0.997601,-0.685470,-0.727965,-0.014070,0.001064,1.924716
1322,0.428703,-0.109461,0.495589,0.064381,-0.017372,-0.997774,-0.741179,-0.671158,-0.014143,0.001049,1.925765
1323,0.427936,-0.110139,0.495442,0.061017,-0.020483,-0.997927,-0.794438,-0.607173,-0.014443,0.001034,1.926799
1324,0.427095,-0.110736,0.495231,0.058152,-0.021913,-0.998067,-0.843989,-0.536148,-0.015073,0.001053,1.927852
1325,0.426034,-0.111314,0.495204,0.054599,-0.022654,-0.998251,-0.888563,-0.458469,-0.016194,0.001208,1.929060
1326,0.424985,-0.111743,0.495258,0.051044,-0.023394,-0.998422,-0.926967,-0.374723,-0.017758,0.001135,1.930195
1327,0.423850,-0.112085,0.495309,0.047487,-0.024135,-0.998580,-0.958117,-0.285721,-0.019356,0.001186,1.931381
1328,0.422629,-0.112340,0.495356,0.043269,-0.025544,-0.998737,-0.981085,-0.192494,-0.020455,0.001248,1.932630
1329,0.421322,-0.112505,0.495356,0.037564,-0.023866,-0.999009,-0.995135,-0.096293,-0.020828,0.001318,1.933947
1330,0.419921,-0.112591,0.495322,0.031856,-0.022188,-0.999246,-0.999787,0.001428,-0.020604,0.001404,1.935351
1331,0.418518,-0.112504,0.495314,0.026146,-0.020508,-0.999448,-0.994886,0.099075,-0.019632,0.001406,1.936757
1332,0.417202,-0.112332,0.495309,0.020433,-0.018828,-0.999614,-0.980617,0.195116,-0.017909,0.001328,1.938084
1333,0.415969,-0.112075,0.495302,0.016225,-0.017374,-0.999717,-0.957454,0.288149,-0.015876,0.001259,1.939343
1334,0.414830,-0.111724,0.495294,0.012143,-0.016050,-0.999797,-0.926141,0.376928,-0.013675,0.001192,1.940536
1335,0.413782,-0.111286,0.495284,0.008063,-0.014726,-0.999859,-0.887631,0.460422,-0.011046,0.001136,1.941671
1336,0.412822,-0.110762,0.495269,0.003985,-0.013403,-0.999902,-0.843020,0.537824,-0.007853,0.001094,1.942765
1337,0.411944,-0.110146,0.495363,0.000198,-0.011788,-0.999930,-0.793501,0.608555,-0.004188,0.001076,1.943842
1338,0.411158,-0.109447,0.495395,-0.003577,-0.009005,-0.999953,-0.740331,0.672243,-0.000348,0.001053,1.944895
1339,0.410457,-0.108659,0.495405,-0.007371,-0.006203,-0.999954,-0.684763,0.728759,0.003227,0.001054,1.945949
1340,0.409841,-0.107787,0.495403,-0.011163,-0.003402,-0.999932,-0.627951,0.778227,0.006357,0.001068,1.947017
1341,0.409312,-0.106824,0.495382,-0.016426,-0.002117,-0.999863,-0.570909,0.820964,0.008987,0.001099,1.948115
1342,0.408868,-0.105777,0.495340,-0.021683,-0.001450,-0.999764,-0.514472,0.857438,0.010901,0.001138,1.949253
1343,0.408511,-0.104644,0.495287,-0.026933,-0.000784,-0.999637,-0.459394,0.888147,0.012310,0.001189,1.950442
1344,0.408243,-0.103412,0.495231,-0.032162,-0.002290,-0.999480,-0.406296,0.913642,0.013496,0.001262,1.951705
1345,0.408066,-0.102102,0.495245,-0.037383,-0.003795,-0.999294,-0.355659,0.934503,0.014486,0.001323,1.953027
1346,0.407979,-0.100706,0.495252,-0.036903,-0.001687,-0.999317,-0.307885,0.951301,0.015279,0.001398,1.954425
1347,0.407979,-0.099223,0.495255,-0.036423,0.001169,-0.999336,-0.263303,0.964582,0.015913,0.001483,1.955908
1348,0.407972,-0.097745,0.495243,-0.035943,0.004026,-0.999346,-0.222181,0.974866,0.016506,0.001478,1.957387
1349,0.407973,-0.096245,0.495265,-0.035462,0.006882,-0.999347,-0.184682,0.982648,0.017198,0.001500,1.958887
1350,0.407978,-0.094762,0.495340,-0.036209,0.008513,-0.999308,-0.150909,0.988381,0.018129,0.001485,1.960372
1351,0.407984,-0.093278,0.495415,-0.036955,0.010144,-0.999265,-0.120961,0.992470,0.019295,0.001486,1.961858
1352,0.407989,-0.091793,0.495490,-0.037165,0.011776,-0.999240,-0.094868,0.995277,0.020582,0.001487,1.963344
1353,0.407996,-0.090309,0.495636,-0.037375,0.013407,-0.999211,-0.072592,0.997121,0.021897,0.001491,1.964835
1354,0.407997,-0.088825,0.495668,-0.037783,0.014939,-0.999174,-0.054042,0.998268,0.023243,0.001485,1.966320
1355,0.407999,-0.087340,0.495700,-0.038174,0.015719,-0.999147,-0.038963,0.998932,0.024842,0.001485,1.967805
1356,0.408000,-0.085855,0.495731,-0.038810,0.016744,-0.999106,-0.026982,0.999277,0.026795,0.001485,1.969290
1357,0.408003,-0.084370,0.495774,-0.039762,0.017769,-0.999051,-0.017741,0.999426,0.028861,0.001486,1.970776
1358,0.408006,-0.082888,0.495824,-0.038420,0.016501,-0.999125,-0.010866,0.999465,0.030864,0.001483,1.972259
1359,0.408009,-0.081405,0.495876,-0.037074,0.018619,-0.999139,-0.005979,0.999447,0.032699,0.001484,1.973743
1360,0.408012,-0.079922,0.495927,-0.035728,0.020738,-0.999146,-0.002718,0.999413,0.034148,0.001484,1.975227
1361,0.408013,-0.078442,0.495979,-0.034382,0.022855,-0.999147,-0.000731,0.999382,0.035154,0.001482,1.976708
1362,0.408013,-0.076957,0.496017,-0.033317,0.025254,-0.999126,0.000318,0.999357,0.035841,0.001485,1.978193
1363,0.408013,-0.075473,0.496032,-0.032252,0.027652,-0.999097,0.000734,0.999340,0.036310,0.001484,1.979677
1364,0.408012,-0.073990,0.496046,-0.031187,0.029864,-0.999067,0.000790,0.999328,0.036634,0.001484,1.981161
1365,0.408012,-0.072506,0.496061,-0.029480,0.029116,-0.999141,0.000727,0.999323,0.036776,0.001484,1.982644
1366,0.408013,-0.071022,0.496091,-0.027609,0.028287,-0.999218,0.000645,0.999326,0.036695,0.001485,1.984129
1367,0.408013,-0.069536,0.496170,-0.025738,0.027458,-0.999292,0.000541,0.999340,0.036313,0.001488,1.985617
1368,0.408014,-0.068055,0.496250,-0.023867,0.026629,-0.999360,0.000430,0.999365,0.035638,0.001484,1.987101
1369,0.408014,-0.066573,0.496329,-0.021334,0.026461,-0.999422,0.000330,0.999395,0.034790,0.001484,1.988584
1370,0.408015,-0.065091,0.496409,-0.018804,0.024436,-0.999525,0.000242,0.999427,0.033841,0.001484,1.990068
1371,0.408015,-0.063609,0.496489,-0.016274,0.022411,-0.999616,0.000171,0.999459,0.032895,0.001484,1.991553
1372,0.408016,-0.062127,0.496569,-0.013744,0.020385,-0.999698,0.000114,0.999491,0.031901,0.001484,1.993037
1373,0.408016,-0.060645,0.496649,-0.011214,0.018678,-0.999763,0.000058,0.999529,0.030698,0.001484,1.994521
1374,0.408017,-0.059162,0.496724,-0.010182,0.017682,-0.999792,0.000004,0.999573,0.029208,0.001485,1.996006
1375,0.408017,-0.057677,0.496794,-0.009150,0.016686,-0.999819,-0.000047,0.999625,0.027398,0.001486,1.997492
1376,0.408018,-0.056194,0.496830,-0.006727,0.017084,-0.999831,-0.000093,0.999680,0.025311,0.001483,1.998976
1377,0.408017,-0.054709,0.496876,-0.004303,0.016936,-0.999847,-0.000132,0.999736,0.022975,0.001486,2.000461
1378,0.408016,-0.053224,0.496923,-0.002962,0.017292,-0.999846,-0.000145,0.999790,0.020506,0.001486,2.001947
1379,0.408016,-0.051740,0.496969,-0.001620,0.017631,-0.999843,-0.000136,0.999836,0.018106,0.001485,2.003432
1380,0.408015,-0.050255,0.497016,-0.000257,0.017949,-0.999839,-0.000136,0.999874,0.015846,0.001485,2.004918
1381,0.408015,-0.048771,0.497062,0.001106,0.018268,-0.999833,-0.000145,0.999906,0.013715,0.001485,2.006403
1382,0.408015,-0.047287,0.497109,0.002469,0.017360,-0.999846,-0.000159,0.999931,0.011734,0.001485,2.007888
1383,0.408015,-0.045803,0.497155,0.002667,0.018232,-0.999830,-0.000175,0.999950,0.009951,0.001485,2.009372
1384,0.408016,-0.044318,0.497197,0.002865,0.019105,-0.999813,-0.000183,0.999965,0.008338,0.001485,2.010858
1385,0.408010,-0.042824,0.497157,0.003063,0.019977,-0.999796,-0.000182,0.999976,0.006955,0.001494,2.012352
1386,0.408008,-0.041340,0.497110,0.003261,0.020715,-0.999780,-0.000168,0.999982,0.005918,0.001485,2.013837
1387,0.408008,-0.039856,0.497062,0.002016,0.022237,-0.999751,-0.000136,0.999986,0.005208,0.001484,2.015321
1388,0.408008,-0.038372,0.497014,0.000770,0.023010,-0.999735,-0.000086,0.999988,0.004811,0.001485,2.016807
1389,0.408008,-0.036888,0.496966,-0.000476,0.023783,-0.999717,-0.000035,0.999989,0.004755,0.001485,2.018292
1390,0.408008,-0.035403,0.496918,-0.001727,0.022964,-0.999735,0.000026,0.999987,0.005020,0.001485,2.019777
1391,0.408007,-0.033919,0.496869,-0.005028,0.024213,-0.999694,0.000126,0.999984,0.005574,0.001485,2.021262
1392,0.408007,-0.032435,0.496821,-0.008330,0.025461,-0.999641,0.000268,0.999979,0.006488,0.001485,2.022747
1393,0.408006,-0.030949,0.496785,-0.011634,0.026710,-0.999576,0.000426,0.999970,0.007721,0.001486,2.024233
1394,0.408006,-0.029466,0.496756,-0.014940,0.027960,-0.999497,0.000599,0.999957,0.009272,0.001483,2.025716
1395,0.408006,-0.027983,0.496727,-0.018054,0.028834,-0.999421,0.000800,0.999936,0.011323,0.001483,2.027199
1396,0.408017,-0.026490,0.496706,-0.021240,0.030408,-0.999312,0.001025,0.999903,0.013895,0.001494,2.028693
1397,0.408014,-0.025011,0.496754,-0.023777,0.032456,-0.999190,0.001268,0.999856,0.016896,0.001479,2.030172
1398,0.408008,-0.023524,0.496795,-0.025535,0.033786,-0.999103,0.001512,0.999793,0.020291,0.001488,2.031660
1399,0.408007,-0.022044,0.496866,-0.027288,0.035744,-0.998988,0.001759,0.999708,0.024102,0.001482,2.033142
1400,0.408007,-0.020563,0.496937,-0.029041,0.037701,-0.998867,0.002019,0.999597,0.028327,0.001482,2.034624
1401,0.408007,-0.019083,0.497008,-0.030523,0.039770,-0.998743,0.002281,0.999458,0.032839,0.001482,2.036107
1402,0.408011,-0.017600,0.497017,-0.032005,0.041840,-0.998612,0.002531,0.999290,0.037588,0.001482,2.037589
1403,0.408012,-0.016117,0.497082,-0.033287,0.044247,-0.998466,0.002747,0.999093,0.042496,0.001485,2.039074
1404,0.408018,-0.014637,0.497150,-0.034584,0.042149,-0.998513,0.002947,0.998868,0.047469,0.001481,2.040556
1405,0.408024,-0.013158,0.497217,-0.035338,0.039694,-0.998587,0.003145,0.998621,0.052403,0.001481,2.042036
1406,0.408031,-0.011679,0.497280,-0.036734,0.038526,-0.998582,0.003298,0.998376,0.056876,0.001480,2.043516
1407,0.408035,-0.010196,0.497377,-0.038295,0.037440,-0.998565,0.003365,0.998162,0.060508,0.001486,2.045002
1408,0.408046,-0.008721,0.497503,-0.039398,0.034987,-0.998611,0.003341,0.997994,0.063215,0.001481,2.046483
1409,0.408057,-0.007248,0.497629,-0.040501,0.032533,-0.998650,0.003250,0.997873,0.065103,0.001478,2.047961
1410,0.408066,-0.005776,0.497754,-0.041033,0.032342,-0.998634,0.003087,0.997806,0.066138,0.001478,2.049438
1411,0.408061,-0.004292,0.497799,-0.040720,0.030290,-0.998711,0.002841,0.997808,0.066115,0.001485,2.050924
1412,0.408075,-0.002822,0.497954,-0.040393,0.031800,-0.998678,0.002519,0.997879,0.065054,0.001477,2.052401
1413,0.408088,-0.001354,0.498108,-0.039007,0.032290,-0.998717,0.002138,0.998009,0.063035,0.001476,2.053877
1414,0.408101,0.000114,0.498262,-0.037621,0.032459,-0.998765,0.001720,0.998197,0.060000,0.001476,2.055353
1415,0.408110,0.001581,0.498400,-0.036235,0.032628,-0.998810,0.001263,0.998421,0.056159,0.001473,2.056827
1416,0.408115,0.003077,0.498528,-0.034849,0.032798,-0.998854,0.000750,0.998663,0.051695,0.001502,2.058328
1417,0.408125,0.004569,0.498685,-0.034859,0.033329,-0.998836,0.000199,0.998903,0.046834,0.001500,2.059829
1418,0.408134,0.006059,0.498852,-0.034869,0.034406,-0.998799,-0.000326,0.999115,0.042057,0.001500,2.061328
1419,0.408141,0.007546,0.498988,-0.034086,0.034689,-0.998817,-0.000820,0.999295,0.037522,0.001493,2.062821
1420,0.408147,0.009037,0.499154,-0.032062,0.036180,-0.998831,-0.001323,0.999449,0.033153,0.001501,2.064322
1421,0.408150,0.010524,0.499322,-0.031011,0.038021,-0.998796,-0.001830,0.999578,0.029007,0.001496,2.065818
1422,0.408154,0.012001,0.499494,-0.030778,0.040626,-0.998700,-0.002308,0.999678,0.025288,0.001488,2.067305
1423,0.408151,0.013473,0.499674,-0.030544,0.044463,-0.998544,-0.002774,0.999752,0.022115,0.001483,2.068788
1424,0.408136,0.015069,0.499641,-0.029141,0.047131,-0.998464,-0.003281,0.999804,0.019539,0.001596,2.070384
1425,0.408103,0.016564,0.499530,-0.027736,0.049801,-0.998374,-0.003825,0.999837,0.017659,0.001499,2.071884
1426,0.408084,0.018050,0.499416,-0.026314,0.049163,-0.998444,-0.004392,0.999856,0.016395,0.001491,2.073374
1427,0.408066,0.019536,0.499302,-0.024892,0.048660,-0.998505,-0.004972,0.999866,0.015624,0.001490,2.074864
1428,0.408045,0.021031,0.499170,-0.022348,0.047038,-0.998643,-0.005540,0.999870,0.015151,0.001501,2.076366
1429,0.408026,0.022502,0.498973,-0.017893,0.047348,-0.998718,-0.006100,0.999874,0.014630,0.001485,2.077850
1430,0.408012,0.023994,0.498818,-0.013452,0.042115,-0.999022,-0.006628,0.999881,0.013951,0.001500,2.079350
1431,0.408005,0.025467,0.498677,-0.008804,0.038284,-0.999228,-0.007125,0.999885,0.013401,0.001479,2.080830
1432,0.407990,0.027000,0.498526,-0.002087,0.032362,-0.999474,-0.007554,0.999884,0.013203,0.001540,2.082370
1433,0.407987,0.028452,0.498554,0.004634,0.026434,-0.999640,-0.007859,0.999883,0.013135,0.001452,2.083823
1434,0.407976,0.029914,0.498534,0.011362,0.020840,-0.999718,-0.008024,0.999885,0.012901,0.001462,2.085285
1435,0.407967,0.031375,0.498515,0.017335,0.012638,-0.999770,-0.008006,0.999891,0.012395,0.001461,2.086746
1436,0.407958,0.032834,0.498496,0.020830,0.008148,-0.999750,-0.007811,0.999902,0.011653,0.001459,2.088205
1437,0.407948,0.034310,0.498549,0.024322,0.003660,-0.999697,-0.007466,0.999915,0.010643,0.001477,2.089682
1438,0.407937,0.035779,0.498636,0.027404,-0.001549,-0.999623,-0.007018,0.999933,0.009217,0.001471,2.091153
1439,0.407929,0.037256,0.498723,0.029705,-0.004207,-0.999550,-0.006500,0.999949,0.007702,0.001480,2.092634
1440,0.407936,0.038742,0.498820,0.031997,-0.007492,-0.999460,-0.005914,0.999963,0.006290,0.001488,2.094122
1441,0.407908,0.040213,0.498950,0.034286,-0.010774,-0.999354,-0.005272,0.999974,0.004981,0.001478,2.095600
1442,0.407883,0.041699,0.499165,0.034405,-0.016070,-0.999279,-0.004542,0.999983,0.003686,0.001501,2.097101
1443,0.407864,0.043173,0.499393,0.034515,-0.017847,-0.999245,-0.003773,0.999991,0.002172,0.001492,2.098593
1444,0.407847,0.044643,0.499622,0.034423,-0.019962,-0.999208,-0.003077,0.999995,0.000514,0.001488,2.100081
1445,0.407831,0.046110,0.499850,0.034352,-0.017560,-0.999256,-0.002471,0.999996,-0.001254,0.001485,2.101566
1446,0.407823,0.047665,0.499912,0.033736,-0.014612,-0.999324,-0.001939,0.999993,-0.003055,0.001556,2.103122
1447,0.407821,0.049165,0.499941,0.034749,-0.010042,-0.999346,-0.001496,0.999987,-0.004835,0.001500,2.104622
1448,0.407823,0.050656,0.499970,0.037126,-0.006895,-0.999287,-0.001101,0.999977,-0.006660,0.001491,2.106113
1449,0.407782,0.052103,0.500018,0.039031,-0.002373,-0.999235,-0.000666,0.999964,-0.008434,0.001449,2.107562
1450,0.407787,0.053729,0.499982,0.040934,0.002148,-0.999160,-0.000202,0.999947,-0.010247,0.001625,2.109187
1451,0.407807,0.055209,0.499780,0.046047,0.008639,-0.998902,0.000249,0.999926,-0.012140,0.001494,2.110682
1452,0.407830,0.056688,0.499577,0.050241,0.006068,-0.998719,0.000685,0.999900,-0.014146,0.001493,2.112175
1453,0.407851,0.058172,0.499374,0.052555,0.001015,-0.998618,0.000965,0.999869,-0.016185,0.001497,2.113672
1454,0.407871,0.059659,0.499173,0.053802,-0.003014,-0.998547,0.001106,0.999834,-0.018184,0.001501,2.115173
1455,0.407888,0.061124,0.498959,0.055050,-0.007046,-0.998459,0.001339,0.999790,-0.020469,0.001480,2.116654
1456,0.407886,0.062605,0.498694,0.056323,-0.007767,-0.998382,0.001767,0.999729,-0.023219,0.001504,2.118158
1457,0.407892,0.064087,0.498550,0.057596,-0.008489,-0.998304,0.002294,0.999649,-0.026397,0.001489,2.119647
1458,0.407908,0.065578,0.498404,0.058868,-0.010980,-0.998205,0.002850,0.999551,-0.029828,0.001499,2.121146
1459,0.407923,0.067070,0.498346,0.060140,-0.013472,-0.998099,0.003351,0.999450,-0.033003,0.001493,2.122638
1460,0.407936,0.068539,0.498313,0.063452,-0.013887,-0.997888,0.003716,0.999357,-0.035662,0.001470,2.124108
1461,0.407947,0.070009,0.498280,0.065549,-0.011459,-0.997784,0.003973,0.999278,-0.037796,0.001471,2.125579
1462,0.407935,0.071459,0.498228,0.068630,-0.009383,-0.997598,0.004219,0.999224,-0.039172,0.001451,2.127030
1463,0.407932,0.072969,0.498155,0.072528,-0.008070,-0.997334,0.004412,0.999221,-0.039221,0.001511,2.128541
1464,0.407936,0.074445,0.498219,0.077922,-0.005283,-0.996945,0.004565,0.999268,-0.037978,0.001478,2.130019
1465,0.407939,0.075925,0.498283,0.083483,-0.006867,-0.996486,0.004635,0.999354,-0.035643,0.001481,2.131500
1466,0.407945,0.077402,0.498346,0.089044,-0.008450,-0.995992,0.004393,0.999482,-0.031875,0.001479,2.132979
1467,0.407957,0.078871,0.498486,0.094620,-0.006713,-0.995491,0.003748,0.999643,-0.026461,0.001476,2.134455
1468,0.407950,0.080347,0.498633,0.100199,-0.004974,-0.994955,0.002846,0.999800,-0.019778,0.001483,2.135938
1469,0.407949,0.081824,0.498709,0.103525,-0.006393,-0.994606,0.001853,0.999922,-0.012336,0.001479,2.137417
1470,0.407949,0.083301,0.498785,0.104912,-0.009746,-0.994434,0.000846,0.999989,-0.004547,0.001479,2.138895
1471,0.407853,0.084667,0.498905,0.106306,-0.007506,-0.994305,-0.000078,0.999995,0.003133,0.001375,2.140270
1472,0.407863,0.086428,0.498883,0.107498,-0.005069,-0.994192,-0.000887,0.999946,0.010311,0.001762,2.142032
1473,0.407952,0.087838,0.498587,0.103600,-0.007743,-0.994589,-0.001699,0.999859,0.016721,0.001443,2.143475
1474,0.407986,0.089280,0.498331,0.099269,-0.005193,-0.995047,-0.002491,0.999760,0.021785,0.001465,2.144940
1475,0.408017,0.090716,0.498076,0.094934,-0.002983,-0.995479,-0.003070,0.999682,0.025018,0.001459,2.146398
1476,0.408043,0.092215,0.497842,0.090494,0.002234,-0.995895,-0.003397,0.999645,0.026438,0.001518,2.147916
1477,0.408046,0.093694,0.497779,0.088579,0.004186,-0.996060,-0.003509,0.999646,0.026379,0.001480,2.149396
1478,0.408047,0.095171,0.497717,0.086686,0.003956,-0.996228,-0.003272,0.999679,0.025114,0.001479,2.150875
1479,0.408046,0.096648,0.497655,0.086603,0.006287,-0.996223,-0.002767,0.999731,0.023049,0.001478,2.152353
1480,0.408104,0.098201,0.497689,0.087179,0.005816,-0.996176,-0.002298,0.999781,0.020808,0.001554,2.153908
1481,0.408053,0.099761,0.497972,0.087754,0.005345,-0.996128,-0.001923,0.999825,0.018587,0.001586,2.155494
1482,0.407994,0.101193,0.498270,0.088329,0.004874,-0.996079,-0.001629,0.999860,0.016625,0.001464,2.156958
1483,0.407936,0.102630,0.498569,0.090787,0.008376,-0.995835,-0.001447,0.999881,0.015326,0.001469,2.158427
1484,0.407867,0.104060,0.498872,0.093261,0.008338,-0.995607,-0.001309,0.999894,0.014530,0.001463,2.159890
1485,0.407800,0.105564,0.499176,0.095096,0.007351,-0.995441,-0.001187,0.999898,0.014250,0.001536,2.161426
1486,0.407780,0.107045,0.499309,0.095667,0.008855,-0.995374,-0.001147,0.999889,0.014888,0.001487,2.162913
1487,0.407760,0.108527,0.499442,0.096221,0.008333,-0.995325,-0.001264,0.999865,0.016400,0.001488,2.164401
1488,0.407739,0.110009,0.499575,0.095148,0.006181,-0.995444,-0.001417,0.999834,0.018155,0.001488,2.165889
1489,0.407788,0.111562,0.499627,0.092714,0.005464,-0.995678,-0.001587,0.999803,0.019776,0.001556,2.167444
1490,0.407802,0.113036,0.499572,0.090543,0.004915,-0.995880,-0.001738,0.999778,0.021005,0.001475,2.168919
1491,0.407814,0.114513,0.499517,0.088387,0.004810,-0.996075,-0.001645,0.999772,0.021306,0.001479,2.170397
1492,0.407827,0.115995,0.499462,0.081840,0.001019,-0.996645,-0.001258,0.999790,0.020453,0.001483,2.171880
1493,0.407881,0.117496,0.499287,0.075358,0.008233,-0.997123,-0.000715,0.999825,0.018678,0.001512,2.173392
1494,0.407885,0.118958,0.499102,0.070780,0.014332,-0.997389,-0.000076,0.999868,0.016226,0.001474,2.174866
1495,0.407895,0.120446,0.499052,0.066199,0.020429,-0.997597,0.000638,0.999909,0.013464,0.001489,2.176355
1496,0.407906,0.121937,0.499021,0.061635,0.028125,-0.997702,0.001330,0.999943,0.010609,0.001491,2.177846
1497,0.407921,0.123426,0.498993,0.056904,0.032660,-0.997845,0.001960,0.999968,0.007734,0.001490,2.179336
1498,0.407929,0.124901,0.498935,0.052168,0.037196,-0.997945,0.002647,0.999983,0.005173,0.001476,2.180812
1499,0.407944,0.126392,0.498835,0.047429,0.041732,-0.998002,0.003335,0.999989,0.003445,0.001494,2.182306
1500,0.407956,0.127869,0.498816,0.042663,0.042757,-0.998174,0.003819,0.999988,0.002996,0.001477,2.183783
1501,0.407965,0.129350,0.498755,0.036931,0.040610,-0.998492,0.004096,0.999983,0.004081,0.001482,2.185265
1502,0.407965,0.130825,0.498693,0.031176,0.034385,-0.998922,0.004212,0.999970,0.006573,0.001476,2.186741
1503,0.407963,0.132326,0.498735,0.025426,0.028166,-0.999280,0.004110,0.999942,0.009980,0.001502,2.188243
1504,0.407961,0.133807,0.498797,0.019682,0.021953,-0.999565,0.003830,0.999898,0.013774,0.001482,2.189725
1505,0.407956,0.135285,0.498834,0.016018,0.012648,-0.999792,0.003458,0.999838,0.017689,0.001478,2.191204
1506,0.407952,0.136775,0.498907,0.012148,0.007731,-0.999896,0.002998,0.999759,0.021739,0.001492,2.192696
1507,0.407957,0.138250,0.499007,0.008281,0.002820,-0.999962,0.002478,0.999663,0.025835,0.001478,2.194174
1508,0.407957,0.139730,0.499040,0.004420,-0.002084,-0.999988,0.001966,0.999560,0.029588,0.001481,2.195655
1509,0.407958,0.141209,0.499073,0.000578,-0.005386,-0.999985,0.001489,0.999467,0.032625,0.001480,2.197134
1510,0.407960,0.142688,0.499109,-0.001063,-0.005550,-0.999984,0.001055,0.999398,0.034690,0.001479,2.198614
1511,0.407961,0.144168,0.499153,-0.002702,-0.005713,-0.999980,0.000709,0.999370,0.035493,0.001481,2.200094
1512,0.407960,0.145658,0.499231,-0.004341,-0.005877,-0.999973,0.000427,0.999387,0.034997,0.001491,2.201586
1513,0.407962,0.147144,0.499336,-0.007706,-0.004395,-0.999961,0.000158,0.999440,0.033464,0.001490,2.203076
1514,0.407964,0.148630,0.499442,-0.006544,0.002758,-0.999975,-0.000058,0.999510,0.031294,0.001490,2.204566
1515,0.407967,0.150115,0.499547,-0.005031,0.004737,-0.999976,-0.000223,0.999587,0.028746,0.001489,2.206054
1516,0.407975,0.151599,0.499716,-0.003518,0.006716,-0.999971,-0.000368,0.999661,0.026050,0.001493,2.207547
1517,0.407978,0.153070,0.499925,-0.001173,0.008318,-0.999965,-0.000478,0.999727,0.023377,0.001486,2.209033
1518,0.407983,0.154537,0.500134,0.001172,0.010149,-0.999948,-0.000496,0.999786,0.020693,0.001483,2.210516
1519,0.407991,0.156002,0.500344,0.003506,0.014140,-0.999894,-0.000445,0.999836,0.018112,0.001480,2.211996
1520,0.407997,0.157546,0.500507,0.004014,0.015596,-0.999870,-0.000406,0.999876,0.015739,0.001552,2.213548
1521,0.407970,0.159051,0.500479,0.000995,0.015118,-0.999885,-0.000394,0.999906,0.013683,0.001506,2.215054
1522,0.407965,0.160533,0.500414,-0.002029,0.015798,-0.999873,-0.000408,0.999927,0.012043,0.001483,2.216537
1523,0.407961,0.162016,0.500349,-0.006230,0.017673,-0.999824,-0.000422,0.999944,0.010590,0.001484,2.218021
1524,0.407958,0.163499,0.500284,-0.010433,0.017506,-0.999792,-0.000450,0.999960,0.008964,0.001484,2.219506
1525,0.407916,0.165008,0.500299,-0.014637,0.017338,-0.999743,-0.000499,0.999974,0.007134,0.001510,2.221015
1526,0.407928,0.166484,0.500136,-0.018208,0.018112,-0.999670,-0.000532,0.999986,0.005290,0.001485,2.222500
1527,0.407938,0.167962,0.499973,-0.018598,0.012860,-0.999744,-0.000545,0.999994,0.003325,0.001487,2.223987
1528,0.407946,0.169442,0.499809,-0.018982,0.009616,-0.999774,-0.000515,0.999999,0.001267,0.001489,2.225477
1529,0.407948,0.170930,0.499693,-0.019367,0.006371,-0.999792,-0.000474,1.000000,-0.000750,0.001492,2.226969
1530,0.407948,0.172410,0.499626,-0.019751,0.003125,-0.999800,-0.000475,0.999996,-0.002889,0.001482,2.228450
1531,0.407948,0.173889,0.499560,-0.020409,0.002482,-0.999789,-0.000502,0.999986,-0.005229,0.001481,2.229931
1532,0.407950,0.175369,0.499493,-0.021081,0.001397,-0.999777,-0.000503,0.999969,-0.007852,0.001481,2.231412
1533,0.407938,0.176870,0.499350,-0.021168,-0.000271,-0.999776,-0.000485,0.999944,-0.010535,0.001508,2.232921
1534,0.407934,0.178354,0.499394,-0.021256,-0.001938,-0.999772,-0.000515,0.999919,-0.012748,0.001485,2.234405
1535,0.407938,0.179829,0.499464,-0.019004,-0.002538,-0.999816,-0.000570,0.999901,-0.014078,0.001477,2.235882
1536,0.407942,0.181306,0.499534,-0.018807,-0.001101,-0.999823,-0.000627,0.999895,-0.014476,0.001478,2.237361
1537,0.407944,0.182785,0.499604,-0.018617,-0.001256,-0.999826,-0.000646,0.999901,-0.014058,0.001480,2.238841
1538,0.407946,0.184265,0.499684,-0.018279,-0.001557,-0.999832,-0.000649,0.999917,-0.012862,0.001482,2.240323
1539,0.407946,0.185746,0.499768,-0.017941,-0.001857,-0.999837,-0.000709,0.999938,-0.011093,0.001484,2.241807
1540,0.407945,0.187226,0.499852,-0.017611,-0.005290,-0.999831,-0.000748,0.999962,-0.008711,0.001482,2.243290
1541,0.407963,0.188727,0.499911,-0.017267,-0.005242,-0.999837,-0.000709,0.999984,-0.005638,0.001502,2.244791
1542,0.407954,0.190199,0.499844,-0.017990,-0.004126,-0.999830,-0.000636,0.999997,-0.002165,0.001474,2.246265
1543,0.407958,0.191678,0.499858,-0.016921,-0.001218,-0.999856,-0.000596,0.999999,0.001543,0.001479,2.247744
1544,0.407963,0.193160,0.499909,-0.015849,0.000045,-0.999874,-0.000579,0.999986,0.005196,0.001483,2.249227
1545,0.407970,0.194642,0.499960,-0.016282,0.002811,-0.999863,-0.000535,0.999965,0.008382,0.001483,2.250710
1546,0.407976,0.196124,0.500012,-0.020217,0.007188,-0.999770,-0.000469,0.999939,0.011073,0.001483,2.252193
1547,0.407951,0.197647,0.499960,-0.024148,0.011562,-0.999642,-0.000378,0.999911,0.013373,0.001524,2.253717
1548,0.407939,0.199117,0.499798,-0.028076,0.015933,-0.999479,-0.000330,0.999883,0.015316,0.001479,2.255196
1549,0.407926,0.200585,0.499635,-0.031312,0.015976,-0.999382,-0.000297,0.999854,0.017063,0.001477,2.256673
1550,0.407913,0.202050,0.499473,-0.034566,0.014430,-0.999298,-0.000233,0.999827,0.018590,0.001473,2.258146
1551,0.407905,0.203560,0.499396,-0.037819,0.012883,-0.999202,-0.000232,0.999814,0.019290,0.001512,2.259659
1552,0.407903,0.205044,0.499400,-0.041070,0.011337,-0.999092,-0.000312,0.999821,0.018937,0.001485,2.261143
1553,0.407900,0.206529,0.499404,-0.044315,0.012348,-0.998941,-0.000435,0.999840,0.017908,0.001485,2.262628
1554,0.407898,0.208014,0.499409,-0.046613,0.012490,-0.998835,-0.000536,0.999862,0.016591,0.001485,2.264113
1555,0.407930,0.209510,0.499534,-0.048299,0.012020,-0.998761,-0.000581,0.999881,0.015414,0.001502,2.265614
1556,0.407910,0.211005,0.499649,-0.049986,0.011551,-0.998683,-0.000581,0.999891,0.014743,0.001500,2.267114
1557,0.407919,0.212468,0.499839,-0.051673,0.008434,-0.998628,-0.000532,0.999893,0.014646,0.001476,2.268589
1558,0.407929,0.213934,0.500030,-0.053360,0.005318,-0.998561,-0.000450,0.999888,0.014981,0.001478,2.270068
1559,0.407939,0.215403,0.500221,-0.055045,0.001972,-0.998482,-0.000331,0.999881,0.015445,0.001481,2.271549
1560,0.407940,0.216913,0.500275,-0.056729,-0.001373,-0.998389,-0.000199,0.999880,0.015506,0.001511,2.273060
1561,0.407938,0.218400,0.500277,-0.054115,-0.000391,-0.998535,-0.000079,0.999888,0.014949,0.001487,2.274547
1562,0.407936,0.219886,0.500280,-0.048596,0.001267,-0.998818,0.000023,0.999901,0.014043,0.001486,2.276033
1563,0.407934,0.221368,0.500300,-0.043070,0.001767,-0.999070,0.000183,0.999913,0.013216,0.001482,2.277515
1564,0.407932,0.222852,0.500375,-0.036359,0.001072,-0.999338,0.000419,0.999920,0.012630,0.001486,2.279001
1565,0.407939,0.224327,0.500436,-0.029644,0.000378,-0.999560,0.000510,0.999928,0.012010,0.001476,2.280477
1566,0.407942,0.225805,0.500537,-0.022578,0.000040,-0.999745,0.000187,0.999940,0.010923,0.001481,2.281958
1567,0.407945,0.227283,0.500639,-0.020565,0.000896,-0.999788,-0.000793,0.999958,0.009133,0.001482,2.283440
1568,0.407949,0.228762,0.500741,-0.020452,0.005305,-0.999777,-0.002703,0.999974,0.006696,0.001482,2.284922
1569,0.407934,0.230303,0.500622,-0.020339,0.009713,-0.999746,-0.005946,0.999975,0.003828,0.001546,2.286468
1570,0.407929,0.231769,0.500463,-0.020226,0.014120,-0.999696,-0.010863,0.999941,0.000965,0.001475,2.287944
1571,0.407924,0.233236,0.500304,-0.020112,0.018525,-0.999626,-0.017734,0.999842,-0.001535,0.001476,2.289419
1572,0.407919,0.234704,0.500145,-0.019991,0.020166,-0.999597,-0.026955,0.999630,-0.003556,0.001477,2.290896
1573,0.407922,0.236207,0.500071,-0.019871,0.021807,-0.999565,-0.038883,0.999231,-0.004981,0.001504,2.292400
1574,0.407922,0.237696,0.500103,-0.019750,0.023449,-0.999530,-0.053962,0.998525,-0.005933,0.001490,2.293890
1575,0.407929,0.239180,0.500144,-0.019094,0.024627,-0.999514,-0.072594,0.997340,-0.006525,0.001484,2.295374
1576,0.407936,0.240664,0.500185,-0.021296,0.025261,-0.999454,-0.094925,0.995464,-0.006325,0.001485,2.296859
1577,0.407941,0.242160,0.500196,-0.021447,0.023859,-0.999485,-0.121034,0.992636,-0.004918,0.001496,2.298354
1578,0.407941,0.243635,0.500078,-0.021597,0.022456,-0.999515,-0.150985,0.988533,-0.002377,0.001480,2.299835
1579,0.407938,0.245113,0.499959,-0.021748,0.021054,-0.999542,-0.184783,0.982779,0.001110,0.001482,2.301317
1580,0.407934,0.246589,0.499840,-0.016398,0.015600,-0.999744,-0.222276,0.974969,0.005321,0.001482,2.302798
1581,0.407965,0.248107,0.499885,-0.011033,0.013274,-0.999851,-0.263371,0.964645,0.009788,0.001518,2.304317
1582,0.407964,0.249576,0.499920,-0.005663,0.010944,-0.999924,-0.307911,0.951310,0.014161,0.001469,2.305786
1583,0.407877,0.250971,0.499918,-0.000288,0.008612,-0.999963,-0.355602,0.934463,0.018053,0.001398,2.307184
1584,0.407706,0.252280,0.499904,0.003297,0.004485,-0.999985,-0.406166,0.913553,0.021198,0.001320,2.308504
1585,0.407449,0.253501,0.499879,0.006884,0.002002,-0.999974,-0.459198,0.888012,0.023929,0.001248,2.309752
1586,0.407112,0.254640,0.499845,0.011979,-0.001987,-0.999926,-0.514195,0.857263,0.026515,0.001189,2.310941
1587,0.406618,0.255703,0.499861,0.013950,-0.006006,-0.999885,-0.570585,0.820735,0.028742,0.001172,2.312113
1588,0.406100,0.256660,0.499962,0.015922,-0.010024,-0.999823,-0.627698,0.777876,0.030065,0.001093,2.313206
1589,0.405495,0.257531,0.500062,0.018828,-0.013109,-0.999737,-0.684651,0.728236,0.030422,0.001065,2.314271
1590,0.404797,0.258308,0.500162,0.021037,-0.007959,-0.999747,-0.740365,0.671528,0.030155,0.001049,2.315320
1591,0.404013,0.259001,0.500262,0.023246,-0.002809,-0.999726,-0.793658,0.607651,0.029445,0.001052,2.316372
1592,0.403131,0.259608,0.500362,0.025454,0.002342,-0.999673,-0.843286,0.536713,0.028431,0.001075,2.317447
1593,0.402165,0.260127,0.500462,0.028194,0.006959,-0.999578,-0.888018,0.459012,0.027076,0.001101,2.318548
1594,0.401114,0.260557,0.500561,0.030941,0.009011,-0.999481,-0.926616,0.375145,0.025492,0.001140,2.319688
1595,0.399976,0.260901,0.500664,0.034458,0.010353,-0.999353,-0.957938,0.285990,0.023750,0.001193,2.320881
1596,0.398760,0.261151,0.500755,0.037974,0.011695,-0.999210,-0.981044,0.192597,0.021422,0.001245,2.322126
1597,0.397456,0.261315,0.500852,0.041647,0.012879,-0.999049,-0.995193,0.096209,0.018269,0.001318,2.323444
1598,0.396065,0.261391,0.500947,0.045311,0.016718,-0.998833,-0.999897,-0.001731,0.014236,0.001396,2.324840
1599,0.394673,0.261298,0.501031,0.048972,0.020555,-0.998589,-0.994980,-0.099621,0.009538,0.001397,2.326237
1600,0.393240,0.261216,0.501048,0.052635,0.021182,-0.998389,-0.980615,-0.195897,0.004223,0.001435,2.327673
1601,0.392045,0.260941,0.500879,0.056297,0.021808,-0.998176,-0.957279,-0.289159,-0.002005,0.001239,2.328911
1602,0.390932,0.260580,0.500732,0.054471,0.019256,-0.998330,-0.925702,-0.378148,-0.008930,0.001179,2.330090
1603,0.389901,0.260132,0.500607,0.052634,0.018923,-0.998435,-0.886859,-0.461761,-0.016042,0.001131,2.331221
1604,0.388952,0.259600,0.500503,0.050799,0.015531,-0.998588,-0.841885,-0.539167,-0.022992,0.001093,2.332315
1605,0.388084,0.258986,0.500420,0.048963,0.012138,-0.998727,-0.791970,-0.609846,-0.029533,0.001067,2.333381
1606,0.387298,0.258288,0.500358,0.044984,0.010862,-0.998929,-0.738391,-0.673448,-0.035297,0.001053,2.334434
1607,0.386595,0.257515,0.500394,0.040651,0.009228,-0.999131,-0.682401,-0.729895,-0.039770,0.001046,2.335480
1608,0.385977,0.256659,0.500455,0.041385,0.006198,-0.999124,-0.625179,-0.779320,-0.042553,0.001057,2.336537
1609,0.385444,0.255698,0.500492,0.042118,0.003168,-0.999108,-0.567853,-0.821975,-0.043593,0.001099,2.337636
1610,0.385011,0.254590,0.500473,0.040933,0.002074,-0.999160,-0.511290,-0.858326,-0.043109,0.001190,2.338826
1611,0.384673,0.253465,0.500333,0.039748,0.000981,-0.999209,-0.456205,-0.888919,-0.041229,0.001183,2.340009
1612,0.384421,0.252252,0.500191,0.038562,-0.000113,-0.999256,-0.403156,-0.914338,-0.038093,0.001247,2.341256
1613,0.384252,0.250955,0.500068,0.037380,-0.003132,-0.999296,-0.352605,-0.935146,-0.034221,0.001314,2.342570
1614,0.384174,0.249567,0.499949,0.036198,-0.006151,-0.999326,-0.304922,-0.951895,-0.030311,0.001396,2.343966
1615,0.384184,0.248091,0.499829,0.036618,-0.007549,-0.999301,-0.260404,-0.965136,-0.026497,0.001480,2.345446
1616,0.384193,0.246613,0.499707,0.036506,-0.008484,-0.999297,-0.219322,-0.975392,-0.022553,0.001482,2.346929
1617,0.384204,0.245136,0.499587,0.036951,-0.005563,-0.999302,-0.181912,-0.983142,-0.018449,0.001483,2.348411
1618,0.384215,0.243658,0.499474,0.037397,-0.002641,-0.999297,-0.148356,-0.988829,-0.014412,0.001482,2.349893
1619,0.384227,0.242180,0.499362,0.043714,-0.005598,-0.999028,-0.118708,-0.992870,-0.010882,0.001482,2.351375
1620,0.384224,0.240651,0.499405,0.050029,-0.008556,-0.998711,-0.092885,-0.995642,-0.008308,0.001530,2.352905
1621,0.384219,0.239175,0.499485,0.050815,-0.007438,-0.998680,-0.070854,-0.997464,-0.006686,0.001479,2.354384
1622,0.384212,0.237702,0.499508,0.051545,-0.000524,-0.998671,-0.052569,-0.998602,-0.005543,0.001473,2.355856
1623,0.384217,0.236217,0.499519,0.052272,0.006395,-0.998612,-0.037869,-0.999273,-0.004483,0.001485,2.357342
1624,0.384217,0.234711,0.499611,0.049740,0.010084,-0.998711,-0.026320,-0.999647,-0.003647,0.001509,2.358851
1625,0.384212,0.233250,0.499806,0.047208,0.013771,-0.998790,-0.017457,-0.999843,-0.003107,0.001474,2.360324
1626,0.384219,0.231772,0.499949,0.044675,0.018040,-0.998839,-0.010960,-0.999936,-0.002699,0.001485,2.361809
1627,0.384221,0.230286,0.500017,0.042143,0.022306,-0.998863,-0.006488,-0.999976,-0.002526,0.001487,2.363297
1628,0.384221,0.228801,0.500085,0.041622,0.025054,-0.998819,-0.003568,-0.999990,-0.002867,0.001487,2.364784
1629,0.384223,0.227311,0.500165,0.041101,0.027801,-0.998768,-0.001814,-0.999991,-0.003895,0.001492,2.366275
1630,0.384241,0.225808,0.500238,0.039500,0.028220,-0.998821,-0.000951,-0.999985,-0.005454,0.001505,2.367780
1631,0.384231,0.224326,0.500202,0.037588,0.025477,-0.998968,-0.000682,-0.999974,-0.007148,0.001483,2.369263
1632,0.384221,0.222845,0.500166,0.035676,0.022734,-0.999105,-0.000709,-0.999959,-0.009010,0.001482,2.370745
1633,0.384218,0.221372,0.500204,0.033764,0.019991,-0.999230,-0.000772,-0.999935,-0.011418,0.001473,2.372218
1634,0.384226,0.219889,0.500283,0.030170,0.016091,-0.999415,-0.000730,-0.999895,-0.014466,0.001485,2.373703
1635,0.384216,0.218388,0.500339,0.026586,0.010830,-0.999588,-0.000646,-0.999843,-0.017735,0.001502,2.375205
1636,0.384218,0.216903,0.500320,0.021886,0.006434,-0.999740,-0.000607,-0.999785,-0.020743,0.001485,2.376690
1637,0.384216,0.215365,0.500220,0.017027,0.002222,-0.999853,-0.000584,-0.999727,-0.023339,0.001542,2.378232
1638,0.384206,0.213921,0.499939,0.012009,-0.001833,-0.999926,-0.000512,-0.999680,-0.025284,0.001470,2.379702
1639,0.384205,0.212455,0.499744,0.006987,-0.005588,-0.999960,-0.000378,-0.999652,-0.026362,0.001479,2.381181
1640,0.384173,0.210980,0.499810,0.001965,-0.009342,-0.999954,-0.000202,-0.999643,-0.026716,0.001477,2.382658
1641,0.384141,0.209504,0.499876,-0.003482,-0.009458,-0.999949,0.000007,-0.999645,-0.026650,0.001478,2.384136
1642,0.384167,0.207982,0.499638,-0.008929,-0.009575,-0.999914,0.000257,-0.999656,-0.026238,0.001541,2.385677
1643,0.384199,0.206532,0.499362,-0.011215,0.014572,-0.999831,0.000530,-0.999683,-0.025175,0.001476,2.387154
1644,0.384193,0.205043,0.499171,-0.018735,0.015975,-0.999697,0.000820,-0.999727,-0.023330,0.001501,2.388655
1645,0.384190,0.203559,0.499087,-0.026246,0.020502,-0.999445,0.001075,-0.999775,-0.021167,0.001486,2.390141
1646,0.384189,0.202088,0.498987,-0.033758,0.025029,-0.999117,0.001246,-0.999822,-0.018808,0.001474,2.391615
1647,0.384192,0.200615,0.498869,-0.035893,0.030074,-0.998903,0.001388,-0.999865,-0.016378,0.001478,2.393093
1648,0.384185,0.199114,0.498818,-0.038058,0.030127,-0.998821,0.001540,-0.999895,-0.014389,0.001502,2.394595
1649,0.384192,0.197630,0.498793,-0.035699,0.026753,-0.999004,0.001615,-0.999915,-0.012945,0.001484,2.396079
1650,0.384200,0.196130,0.498752,-0.033336,0.023374,-0.999171,0.001505,-0.999930,-0.011744,0.001501,2.397580
1651,0.384203,0.194661,0.498802,-0.028998,0.018010,-0.999417,0.001380,-0.999946,-0.010299,0.001469,2.399049
1652,0.384208,0.193180,0.498816,-0.024615,0.016600,-0.999559,0.001309,-0.999965,-0.008247,0.001481,2.400530
1653,0.384214,0.191698,0.498830,-0.020232,0.015191,-0.999680,0.001124,-0.999985,-0.005411,0.001482,2.402013
1654,0.384208,0.190197,0.498904,-0.015850,0.015749,-0.999750,0.000794,-0.999998,-0.001870,0.001503,2.403515
1655,0.384223,0.188699,0.499080,-0.010933,0.016846,-0.999798,0.000362,-0.999998,0.001869,0.001509,2.405024
1656,0.384239,0.187231,0.499269,-0.007666,0.016287,-0.999838,-0.000095,-0.999984,0.005673,0.001480,2.406504
1657,0.384258,0.185754,0.499407,-0.004405,0.018036,-0.999828,-0.000557,-0.999954,0.009568,0.001484,2.407988
1658,0.384275,0.184276,0.499537,-0.001165,0.015299,-0.999882,-0.001041,-0.999908,0.013496,0.001483,2.409471
1659,0.384288,0.182796,0.499663,0.005262,0.009313,-0.999943,-0.001549,-0.999844,0.017581,0.001486,2.410957
1660,0.384301,0.181320,0.499776,0.005679,0.009336,-0.999940,-0.002018,-0.999766,0.021524,0.001480,2.412437
1661,0.384318,0.179837,0.499879,0.006095,0.011834,-0.999911,-0.002369,-0.999686,0.024955,0.001486,2.413924
1662,0.384322,0.178363,0.499967,0.006512,0.014332,-0.999876,-0.002804,-0.999615,0.027589,0.001477,2.415401
1663,0.384273,0.176568,0.499587,0.005429,0.009273,-0.999942,-0.003405,-0.999571,0.029103,0.001835,2.417236
1664,0.384252,0.175375,0.499533,0.004347,0.004220,-0.999982,-0.003979,-0.999565,0.029231,0.001195,2.418430
1665,0.384219,0.173898,0.499467,0.006561,0.002466,-0.999975,-0.004491,-0.999600,0.027926,0.001479,2.419909
1666,0.384186,0.172419,0.499402,0.008777,0.001400,-0.999961,-0.004976,-0.999658,0.025670,0.001480,2.421390
1667,0.384173,0.170995,0.499184,0.010995,-0.000262,-0.999940,-0.005451,-0.999721,0.022965,0.001441,2.422830
1668,0.384149,0.169412,0.499092,0.013414,-0.002130,-0.999908,-0.005899,-0.999786,0.019836,0.001587,2.424417
1669,0.384239,0.167847,0.499182,0.016978,-0.002417,-0.999853,-0.006324,-0.999846,0.016393,0.001570,2.425987
1670,0.384210,0.166407,0.499458,0.020528,-0.000394,-0.999789,-0.006673,-0.999888,0.013403,0.001467,2.427453
1671,0.384171,0.164976,0.499732,0.024232,0.003061,-0.999702,-0.006910,-0.999913,0.011205,0.001457,2.428910
1672,0.384133,0.163510,0.499987,0.027172,0.004663,-0.999620,-0.007036,-0.999932,0.009316,0.001489,2.430399
1673,0.384107,0.162024,0.500031,0.030112,0.006266,-0.999527,-0.006977,-0.999947,0.007534,0.001487,2.431886
1674,0.384083,0.160538,0.500076,0.033044,0.009106,-0.999412,-0.006712,-0.999959,0.006122,0.001487,2.433373
1675,0.384059,0.159049,0.500094,0.037152,0.013678,-0.999216,-0.006302,-0.999966,0.005308,0.001489,2.434862
1676,0.384049,0.157568,0.500108,0.041243,0.019638,-0.998956,-0.005894,-0.999971,0.004793,0.001481,2.436343
1677,0.384047,0.156068,0.500022,0.043632,0.021806,-0.998810,-0.005466,-0.999977,0.003912,0.001502,2.437845
1678,0.384050,0.154593,0.499900,0.046178,0.023782,-0.998650,-0.004848,-0.999986,0.002220,0.001480,2.439326
1679,0.384048,0.153099,0.499896,0.048252,0.026364,-0.998487,-0.004071,-0.999992,-0.000060,0.001494,2.440820
1680,0.384027,0.151607,0.499964,0.050328,0.028637,-0.998322,-0.003182,-0.999992,-0.002423,0.001493,2.442313
1681,0.384013,0.150116,0.499981,0.052677,0.030550,-0.998144,-0.002259,-0.999984,-0.005261,0.001491,2.443804
1682,0.384019,0.148625,0.499904,0.055451,0.032028,-0.997948,-0.001355,-0.999960,-0.008805,0.001493,2.445297
1683,0.384019,0.147131,0.499836,0.058483,0.033532,-0.997725,-0.000499,-0.999922,-0.012482,0.001496,2.446793
1684,0.384011,0.145643,0.499855,0.058245,0.009230,-0.998260,0.000244,-0.999872,-0.015973,0.001488,2.448281
1685,0.384003,0.144156,0.499874,0.064263,0.008061,-0.997900,0.000878,-0.999814,-0.019277,0.001488,2.449768
1686,0.384000,0.142670,0.499854,0.071530,0.008393,-0.997403,0.001433,-0.999744,-0.022590,0.001486,2.451254
1687,0.383998,0.141187,0.499833,0.078776,0.008986,-0.996852,0.002068,-0.999666,-0.025775,0.001484,2.452738
1688,0.384002,0.139696,0.499823,0.082922,0.006962,-0.996532,0.002773,-0.999593,-0.028406,0.001491,2.454229
1689,0.384011,0.138208,0.499816,0.087114,0.009818,-0.996150,0.003346,-0.999541,-0.030103,0.001488,2.455717
1690,0.384033,0.136711,0.499728,0.085227,0.014589,-0.996255,0.003808,-0.999512,-0.031014,0.001499,2.457216
1691,0.384063,0.135239,0.499587,0.083339,0.019356,-0.996333,0.004208,-0.999487,-0.031762,0.001480,2.458696
1692,0.384088,0.133761,0.499462,0.081451,0.024958,-0.996365,0.004542,-0.999459,-0.032560,0.001483,2.460179
1693,0.384102,0.132277,0.499383,0.079578,0.026702,-0.996471,0.004804,-0.999436,-0.033223,0.001486,2.461665
1694,0.384118,0.130795,0.499290,0.077937,0.028214,-0.996559,0.005010,-0.999416,-0.033810,0.001485,2.463150
1695,0.384140,0.129321,0.499139,0.076294,0.029725,-0.996642,0.005182,-0.999390,-0.034548,0.001482,2.464632
1696,0.384163,0.127847,0.498988,0.074135,0.032028,-0.996734,0.005325,-0.999351,-0.035615,0.001481,2.466113
1697,0.384152,0.126340,0.498972,0.071974,0.034332,-0.996815,0.005422,-0.999308,-0.036799,0.001507,2.467621
1698,0.384163,0.124855,0.498986,0.069818,0.034387,-0.996967,0.005418,-0.999272,-0.037753,0.001485,2.469106
1699,0.384171,0.123378,0.498906,0.065535,0.032304,-0.997327,0.005309,-0.999247,-0.038424,0.001479,2.470585
1700,0.384182,0.121898,0.498885,0.058119,0.033384,-0.997751,0.005151,-0.999225,-0.039031,0.001480,2.472065
1701,0.384189,0.120415,0.498868,0.050705,0.033637,-0.998147,0.004936,-0.999206,-0.039534,0.001484,2.473549
1702,0.384197,0.118933,0.498867,0.043293,0.031480,-0.998566,0.004642,-0.999207,-0.039550,0.001481,2.475030
1703,0.384203,0.117455,0.498837,0.037454,0.030902,-0.998820,0.004286,-0.999234,-0.038894,0.001479,2.476509
1704,0.384209,0.115974,0.498834,0.033160,0.031914,-0.998940,0.003923,-0.999276,-0.037844,0.001480,2.477990
1705,0.384214,0.114493,0.498832,0.028866,0.031757,-0.999079,0.003565,-0.999320,-0.036700,0.001481,2.479471
1706,0.384209,0.113001,0.498766,0.024573,0.031599,-0.999199,0.003183,-0.999367,-0.035424,0.001493,2.480964
1707,0.384212,0.111519,0.498674,0.020684,0.031170,-0.999300,0.002788,-0.999419,-0.033974,0.001486,2.482450
1708,0.384215,0.110039,0.498565,0.016795,0.030741,-0.999386,0.002403,-0.999470,-0.032450,0.001484,2.483934
1709,0.384217,0.108559,0.498457,0.012713,0.029285,-0.999490,0.002056,-0.999518,-0.030981,0.001484,2.485418
1710,0.384213,0.107071,0.498409,0.008632,0.027829,-0.999575,0.001755,-0.999562,-0.029529,0.001489,2.486907
1711,0.384214,0.105586,0.498400,0.004570,0.024123,-0.999699,0.001483,-0.999608,-0.027961,0.001485,2.488391
1712,0.384215,0.104101,0.498360,0.001807,0.021714,-0.999763,0.001253,-0.999653,-0.026317,0.001485,2.489877
1713,0.384216,0.102617,0.498300,0.000100,0.020377,-0.999792,0.001089,-0.999695,-0.024677,0.001485,2.491362
1714,0.384217,0.101134,0.498249,-0.001607,0.019896,-0.999801,0.000960,-0.999732,-0.023142,0.001485,2.492846
1715,0.384219,0.099651,0.498204,-0.003302,0.018214,-0.999829,0.000811,-0.999765,-0.021650,0.001483,2.494329
1716,0.384222,0.098170,0.498141,-0.005680,0.015848,-0.999858,0.000643,-0.999799,-0.020016,0.001482,2.495811
1717,0.384223,0.096696,0.498016,-0.008056,0.013484,-0.999877,0.000500,-0.999832,-0.018340,0.001480,2.497291
1718,0.384225,0.095222,0.497891,-0.007681,0.014165,-0.999870,0.000391,-0.999859,-0.016768,0.001480,2.498771
1719,0.384208,0.093720,0.497872,-0.007306,0.014845,-0.999863,0.000307,-0.999883,-0.015267,0.001501,2.500272
1720,0.384211,0.092236,0.497876,-0.005842,0.014303,-0.999881,0.000242,-0.999905,-0.013766,0.001484,2.501756
1721,0.384218,0.090751,0.497922,-0.004379,0.013760,-0.999896,0.000194,-0.999925,-0.012259,0.001486,2.503242
1722,0.384225,0.089271,0.497976,-0.003183,0.013566,-0.999903,0.000157,-0.999942,-0.010744,0.001481,2.504723
1723,0.384228,0.087790,0.497990,-0.001992,0.015838,-0.999873,0.000126,-0.999958,-0.009214,0.001481,2.506204
1724,0.384226,0.086308,0.497949,-0.001056,0.018084,-0.999836,0.000091,-0.999970,-0.007705,0.001483,2.507687
1725,0.384224,0.084822,0.497938,-0.002040,0.018413,-0.999828,0.000066,-0.999980,-0.006347,0.001486,2.509173
1726,0.384224,0.083337,0.497967,-0.003025,0.018742,-0.999820,0.000092,-0.999985,-0.005412,0.001485,2.510658
1727,0.384224,0.081852,0.497996,-0.005269,0.016536,-0.999849,0.000138,-0.999988,-0.004960,0.001485,2.512143
1728,0.384224,0.080368,0.498001,-0.007512,0.014069,-0.999873,0.000158,-0.999989,-0.004788,0.001484,2.513628
1729,0.384224,0.078882,0.498009,-0.008825,0.012532,-0.999883,0.000156,-0.999989,-0.004713,0.001486,2.515114
1730,0.384225,0.077400,0.498089,-0.010137,0.010996,-0.999888,0.000144,-0.999989,-0.004660,0.001483,2.516597
1731,0.384225,0.075919,0.498168,-0.009809,0.010300,-0.999899,0.000139,-0.999990,-0.004571,0.001483,2.518080
1732,0.384217,0.074430,0.498197,-0.009481,0.009604,-0.999909,0.000143,-0.999990,-0.004476,0.001490,2.519570
1733,0.384216,0.072946,0.498198,-0.009154,0.008071,-0.999926,0.000152,-0.999990,-0.004500,0.001484,2.521054
1734,0.384216,0.071459,0.498165,-0.008141,0.007223,-0.999941,0.000167,-0.999989,-0.004694,0.001488,2.522542
1735,0.384217,0.069973,0.498114,-0.007362,0.006607,-0.999951,0.000184,-0.999987,-0.005107,0.001486,2.524028
1736,0.384219,0.068488,0.498074,-0.006582,0.005402,-0.999964,0.000194,-0.999984,-0.005663,0.001485,2.525514
1737,0.384219,0.067004,0.498064,-0.005803,0.002884,-0.999979,0.000165,-0.999981,-0.006191,0.001485,2.526998
1738,0.384220,0.065518,0.498050,-0.004545,0.000846,-0.999989,0.000118,-0.999978,-0.006648,0.001486,2.528484
1739,0.384221,0.064033,0.498023,-0.003288,-0.001193,-0.999994,0.000098,-0.999976,-0.006992,0.001485,2.529970
1740,0.384221,0.062549,0.498006,0.000104,0.000276,-1.000000,0.000096,-0.999974,-0.007176,0.001484,2.531454
1741,0.384221,0.061064,0.498017,0.003496,0.001745,-0.999992,0.000096,-0.999974,-0.007276,0.001484,2.532938
1742,0.384222,0.059580,0.498029,0.006886,0.004037,-0.999968,0.000086,-0.999972,-0.007439,0.001484,2.534422
1743,0.384227,0.058094,0.497909,0.010145,0.006199,-0.999929,0.000067,-0.999970,-0.007718,0.001491,2.535913
1744,0.384233,0.056622,0.497772,0.011829,0.006779,-0.999907,0.000048,-0.999967,-0.008089,0.001478,2.537391
1745,0.384224,0.055133,0.497687,0.013510,0.008300,-0.999874,0.000033,-0.999963,-0.008584,0.001492,2.538883
1746,0.384224,0.053649,0.497664,0.015192,0.010989,-0.999824,0.000024,-0.999957,-0.009259,0.001484,2.540367
1747,0.384225,0.052159,0.497673,0.016037,0.012846,-0.999789,0.000026,-0.999948,-0.010163,0.001490,2.541858
1748,0.384227,0.050677,0.497714,0.016480,0.014302,-0.999762,0.000043,-0.999936,-0.011273,0.001482,2.543340
1749,0.384231,0.049196,0.497751,0.016924,0.016185,-0.999726,0.000074,-0.999922,-0.012522,0.001481,2.544821
1750,0.384231,0.047712,0.497736,0.017366,0.019292,-0.999663,0.000100,-0.999905,-0.013795,0.001485,2.546306
1751,0.384231,0.046226,0.497725,0.018452,0.021757,-0.999593,0.000116,-0.999888,-0.014993,0.001486,2.547792
1752,0.384230,0.044743,0.497758,0.019538,0.024220,-0.999516,0.000148,-0.999868,-0.016232,0.001484,2.549275
1753,0.384230,0.043259,0.497792,0.019331,0.024043,-0.999524,0.000206,-0.999844,-0.017649,0.001484,2.550759
1754,0.384227,0.041772,0.497797,0.019124,0.023866,-0.999532,0.000276,-0.999815,-0.019218,0.001487,2.552246
1755,0.384226,0.040287,0.497788,0.018917,0.022833,-0.999560,0.000346,-0.999782,-0.020861,0.001486,2.553732
1756,0.384224,0.038802,0.497805,0.018724,0.021815,-0.999587,0.000407,-0.999747,-0.022490,0.001485,2.555217
1757,0.384221,0.037316,0.497833,0.019214,0.021478,-0.999585,0.000461,-0.999712,-0.023978,0.001486,2.556703
1758,0.384217,0.035828,0.497851,0.019703,0.019992,-0.999606,0.000508,-0.999682,-0.025208,0.001488,2.558191
1759,0.384215,0.034344,0.497850,0.020193,0.018218,-0.999630,0.000546,-0.999659,-0.026123,0.001485,2.559675
1760,0.384215,0.032847,0.497822,0.018939,0.018187,-0.999655,0.000575,-0.999643,-0.026705,0.001497,2.561172
1761,0.384217,0.031364,0.497738,0.017053,0.018787,-0.999678,0.000604,-0.999634,-0.027056,0.001485,2.562657
1762,0.384219,0.029881,0.497653,0.015167,0.018144,-0.999720,0.000647,-0.999624,-0.027399,0.001485,2.564143
1763,0.384222,0.028399,0.497576,0.013282,0.017500,-0.999759,0.000688,-0.999613,-0.027802,0.001484,2.565627
1764,0.384224,0.026916,0.497499,0.011400,0.014390,-0.999831,0.000709,-0.999603,-0.028177,0.001485,2.567112
1765,0.384228,0.025432,0.497369,0.010592,0.012354,-0.999868,0.000730,-0.999597,-0.028369,0.001490,2.568601
1766,0.384233,0.023953,0.497235,0.011706,0.012234,-0.999857,0.000760,-0.999601,-0.028238,0.001485,2.570087
1767,0.384235,0.022470,0.497127,0.012819,0.012125,-0.999844,0.000794,-0.999611,-0.027867,0.001487,2.571573
1768,0.384238,0.020987,0.497044,0.013932,0.013061,-0.999818,0.000824,-0.999624,-0.027391,0.001486,2.573059
1769,0.384241,0.019508,0.496947,0.015012,0.013964,-0.999790,0.000850,-0.999640,-0.026805,0.001482,2.574541
1770,0.384243,0.018030,0.496838,0.015164,0.013939,-0.999788,0.000871,-0.999660,-0.026058,0.001483,2.576024
1771,0.384250,0.016546,0.496749,0.015316,0.015908,-0.999756,0.000888,-0.999683,-0.025167,0.001487,2.577510
1772,0.384253,0.015064,0.496679,0.015468,0.018676,-0.999706,0.000899,-0.999707,-0.024185,0.001483,2.578993
1773,0.384255,0.013570,0.496619,0.016706,0.020361,-0.999653,0.000892,-0.999733,-0.023102,0.001496,2.580489
1774,0.384255,0.012088,0.496631,0.017944,0.022045,-0.999596,0.000870,-0.999759,-0.021948,0.001482,2.581971
1775,0.384255,0.010606,0.496642,0.018499,0.021261,-0.999603,0.000845,-0.999784,-0.020759,0.001482,2.583453
1776,0.384256,0.009123,0.496653,0.019054,0.020476,-0.999609,0.000813,-0.999808,-0.019558,0.001483,2.584936
1777,0.384255,0.007639,0.496664,0.019609,0.020281,-0.999602,0.000768,-0.999831,-0.018352,0.001484,2.586420
1778,0.384254,0.006154,0.496727,0.020164,0.020086,-0.999595,0.000713,-0.999855,-0.017002,0.001486,2.587907
1779,0.384251,0.004673,0.496807,0.019976,0.019544,-0.999609,0.000648,-0.999880,-0.015468,0.001483,2.589389
1780,0.384255,0.003185,0.496808,0.019789,0.019003,-0.999624,0.000577,-0.999904,-0.013848,0.001488,2.590878
1781,0.384254,0.001700,0.496783,0.019603,0.017092,-0.999662,0.000502,-0.999925,-0.012235,0.001485,2.592362
1782,0.384253,0.000217,0.496784,0.019417,0.015182,-0.999696,0.000428,-0.999942,-0.010718,0.001484,2.593846
1783,0.384255,-0.001267,0.496834,0.018239,0.015254,-0.999717,0.000358,-0.999956,-0.009369,0.001485,2.595331
1784,0.384257,-0.002750,0.496885,0.017191,0.012971,-0.999768,0.000298,-0.999967,-0.008175,0.001484,2.596814
1785,0.384253,-0.004239,0.496875,0.016143,0.010688,-0.999813,0.000249,-0.999975,-0.007112,0.001489,2.598303
1786,0.384253,-0.005723,0.496860,0.015097,0.007463,-0.999858,0.000206,-0.999980,-0.006262,0.001484,2.599787
1787,0.384254,-0.007207,0.496845,0.014413,0.004601,-0.999886,0.000157,-0.999985,-0.005492,0.001484,2.601272
1788,0.384254,-0.008692,0.496829,0.014567,0.002571,-0.999891,0.000106,-0.999989,-0.004648,0.001485,2.602756
1789,0.384254,-0.010176,0.496815,0.014720,0.000541,-0.999892,0.000069,-0.999992,-0.003877,0.001484,2.604241
1790,0.384254,-0.011660,0.496801,0.014872,-0.001916,-0.999888,0.000048,-0.999994,-0.003361,0.001484,2.605725
1791,0.384254,-0.013149,0.496718,0.015025,-0.004373,-0.999878,0.000033,-0.999995,-0.003127,0.001491,2.607216
1792,0.384254,-0.014622,0.496584,0.014534,-0.006187,-0.999875,0.000028,-0.999996,-0.002999,0.001480,2.608695
1793,0.384260,-0.016105,0.496488,0.014042,-0.006537,-0.999880,0.000033,-0.999996,-0.002798,0.001486,2.610182
1794,0.384263,-0.017587,0.496419,0.013551,-0.005541,-0.999893,0.000039,-0.999997,-0.002512,0.001483,2.611664
1795,0.384265,-0.019087,0.496368,0.013059,-0.004544,-0.999904,0.000044,-0.999998,-0.002206,0.001501,2.613165
1796,0.384263,-0.020568,0.496408,0.012567,-0.003547,-0.999915,0.000045,-0.999998,-0.001841,0.001482,2.614648
1797,0.384261,-0.022050,0.496447,0.012062,-0.002564,-0.999924,0.000040,-0.999999,-0.001300,0.001482,2.616130
1798,0.384259,-0.023532,0.496487,0.011556,-0.001581,-0.999932,0.000040,-1.000000,-0.000699,0.001482,2.617612
1799,0.384257,-0.025014,0.496524,0.011193,0.000413,-0.999937,0.000043,-1.000000,-0.000134,0.001482,2.619095
1800,0.384256,-0.026495,0.496556,0.010829,0.002406,-0.999938,0.000039,-1.000000,0.000438,0.001482,2.620577
1801,0.384255,-0.027978,0.496587,0.012208,0.002658,-0.999922,0.000028,-0.999999,0.001060,0.001483,2.622059
1802,0.384255,-0.029461,0.496619,0.013587,0.004436,-0.999898,0.000018,-0.999998,0.001746,0.001483,2.623542
1803,0.384256,-0.030943,0.496579,0.014965,0.007458,-0.999860,0.000008,-0.999997,0.002298,0.001483,2.625025
1804,0.384255,-0.032431,0.496548,0.016343,0.010481,-0.999812,0.000003,-0.999997,0.002431,0.001489,2.626514
1805,0.384255,-0.033916,0.496610,0.017720,0.013504,-0.999752,0.000014,-0.999998,0.002023,0.001486,2.628000
1806,0.384255,-0.035400,0.496672,0.018024,0.015451,-0.999718,0.000041,-0.999999,0.001124,0.001486,2.629485
1807,0.384256,-0.036885,0.496713,0.019344,0.017901,-0.999653,0.000082,-1.000000,-0.000145,0.001486,2.630971
1808,0.384256,-0.038370,0.496753,0.020664,0.020339,-0.999580,0.000132,-0.999998,-0.001733,0.001486,2.632457
1809,0.384256,-0.039855,0.496793,0.021984,0.022778,-0.999499,0.000185,-0.999993,-0.003758,0.001486,2.633942
1810,0.384256,-0.041340,0.496833,0.023335,0.025544,-0.999401,0.000243,-0.999980,-0.006320,0.001485,2.635428
1811,0.384256,-0.042825,0.496873,0.024686,0.028311,-0.999294,0.000321,-0.999956,-0.009358,0.001485,2.636913
1812,0.384255,-0.044308,0.496913,0.026036,0.029082,-0.999238,0.000426,-0.999916,-0.012922,0.001484,2.638396
1813,0.384255,-0.045804,0.496899,0.026606,0.029080,-0.999223,0.000555,-0.999854,-0.017100,0.001496,2.639892
1814,0.384256,-0.047290,0.496850,0.026089,0.030162,-0.999204,0.000703,-0.999763,-0.021764,0.001487,2.641380
1815,0.384256,-0.048777,0.496801,0.025574,0.030170,-0.999218,0.000852,-0.999644,-0.026649,0.001487,2.642867
1816,0.384257,-0.050263,0.496752,0.025056,0.031963,-0.999175,0.000997,-0.999501,-0.031583,0.001487,2.644354
1817,0.384257,-0.051749,0.496703,0.025343,0.032952,-0.999136,0.001139,-0.999334,-0.036476,0.001487,2.645841
1818,0.384258,-0.053234,0.496654,0.025630,0.033941,-0.999095,0.001277,-0.999148,-0.041255,0.001486,2.647327
1819,0.384259,-0.054719,0.496607,0.025916,0.035457,-0.999035,0.001421,-0.998947,-0.045856,0.001485,2.648812
1820,0.384260,-0.056204,0.496567,0.026467,0.036842,-0.998971,0.001573,-0.998742,-0.050115,0.001485,2.650298
1821,0.384261,-0.057688,0.496526,0.027018,0.038226,-0.998904,0.001725,-0.998541,-0.053967,0.001485,2.651783
1822,0.384264,-0.059177,0.496407,0.027359,0.039400,-0.998849,0.001872,-0.998345,-0.057482,0.001494,2.653276
1823,0.384268,-0.060653,0.496275,0.027700,0.040574,-0.998793,0.002009,-0.998162,-0.060565,0.001481,2.654758
1824,0.384273,-0.062127,0.496142,0.029035,0.038056,-0.998854,0.002132,-0.998007,-0.063071,0.001481,2.656239
1825,0.384275,-0.063604,0.496009,0.030368,0.038021,-0.998815,0.002237,-0.997884,-0.064987,0.001482,2.657721
1826,0.384278,-0.065080,0.495876,0.032706,0.038995,-0.998704,0.002330,-0.997800,-0.066262,0.001482,2.659203
1827,0.384279,-0.066558,0.495713,0.035043,0.039968,-0.998586,0.002406,-0.997761,-0.066837,0.001487,2.660690
1828,0.384284,-0.068034,0.495549,0.037017,0.039860,-0.998519,0.002461,-0.997763,-0.066808,0.001485,2.662175
1829,0.384291,-0.069513,0.495386,0.038992,0.039752,-0.998448,0.002493,-0.997801,-0.066234,0.001487,2.663663
1830,0.384299,-0.070991,0.495222,0.039839,0.040771,-0.998374,0.002495,-0.997876,-0.065094,0.001487,2.665150
1831,0.384308,-0.072462,0.495041,0.040685,0.041789,-0.998298,0.002462,-0.997982,-0.063442,0.001483,2.666633
1832,0.384317,-0.073934,0.494859,0.041531,0.042807,-0.998220,0.002407,-0.998109,-0.061417,0.001483,2.668116
1833,0.384319,-0.075415,0.494703,0.042379,0.042592,-0.998193,0.002224,-0.998249,-0.059108,0.001489,2.669605
1834,0.384324,-0.076894,0.494568,0.043230,0.040916,-0.998227,0.001677,-0.998401,-0.056498,0.001485,2.671090
1835,0.384329,-0.078386,0.494472,0.044080,0.039239,-0.998257,0.000496,-0.998568,-0.053495,0.001495,2.672585
1836,0.384332,-0.079875,0.494402,0.044931,0.037562,-0.998284,-0.001629,-0.998746,-0.050037,0.001491,2.674076
1837,0.384340,-0.081371,0.494367,0.045781,0.035885,-0.998307,-0.005026,-0.998917,-0.046247,0.001497,2.675572
1838,0.384342,-0.082859,0.494347,0.046632,0.034207,-0.998326,-0.010042,-0.999057,-0.042241,0.001488,2.677060
1839,0.384346,-0.084346,0.494319,0.046942,0.032164,-0.998380,-0.017043,-0.999132,-0.037999,0.001487,2.678547
1840,0.384350,-0.085837,0.494266,0.047110,0.030262,-0.998431,-0.026402,-0.999087,-0.033597,0.001492,2.680039
1841,0.384355,-0.087328,0.494213,0.047278,0.028360,-0.998479,-0.038491,-0.998832,-0.029193,0.001492,2.681531
1842,0.384356,-0.088817,0.494170,0.047447,0.026458,-0.998523,-0.053685,-0.998247,-0.024905,0.001490,2.683021
1843,0.384359,-0.090306,0.494130,0.047614,0.023025,-0.998600,-0.072360,-0.997162,-0.020777,0.001489,2.684510
1844,0.384357,-0.091805,0.494180,0.047797,0.019609,-0.998665,-0.094775,-0.995357,-0.016817,0.001500,2.686010
1845,0.384355,-0.093292,0.494245,0.047594,0.016193,-0.998735,-0.121022,-0.992564,-0.013093,0.001488,2.687498
1846,0.384351,-0.094776,0.494285,0.047390,0.012777,-0.998795,-0.151121,-0.988467,-0.009739,0.001485,2.688983
1847,0.384349,-0.096263,0.494288,0.047186,0.009360,-0.998842,-0.185036,-0.982708,-0.006799,0.001486,2.690470
1848,0.384346,-0.097750,0.494311,0.048212,0.007698,-0.998807,-0.222671,-0.974885,-0.004208,0.001488,2.691958
1849,0.384340,-0.099239,0.494358,0.049237,0.006037,-0.998769,-0.263920,-0.964542,-0.001972,0.001489,2.693447
1850,0.384339,-0.100729,0.494365,0.048364,0.004380,-0.998820,-0.308611,-0.951188,-0.000154,0.001490,2.694937
1851,0.384252,-0.102129,0.494341,0.047492,0.002429,-0.998869,-0.356476,-0.934304,0.000991,0.001403,2.696340
1852,0.384077,-0.103442,0.494313,0.046620,0.000479,-0.998913,-0.407189,-0.913343,0.001260,0.001325,2.697665
1853,0.383812,-0.104667,0.494339,0.045748,-0.001470,-0.998952,-0.460351,-0.887736,0.000888,0.001254,2.698918
1854,0.383460,-0.105800,0.494363,0.045658,-0.003131,-0.998952,-0.515471,-0.856907,0.000187,0.001187,2.700105
1855,0.383018,-0.106849,0.494380,0.045568,-0.004791,-0.998950,-0.571944,-0.820292,-0.000696,0.001139,2.701244
1856,0.382489,-0.107811,0.494390,0.045030,-0.004929,-0.998973,-0.629049,-0.777364,-0.001749,0.001098,2.702342
1857,0.381873,-0.108684,0.494393,0.044491,-0.005067,-0.998997,-0.685931,-0.727661,-0.002925,0.001069,2.703410
1858,0.381169,-0.109470,0.494388,0.043151,-0.004400,-0.999059,-0.741556,-0.670879,-0.004079,0.001055,2.704465
1859,0.380380,-0.110172,0.494384,0.042060,-0.003734,-0.999108,-0.794749,-0.606917,-0.005121,0.001056,2.705521
1860,0.379508,-0.110782,0.494394,0.040968,-0.003819,-0.999153,-0.844250,-0.535915,-0.006100,0.001064,2.706585
1861,0.378549,-0.111301,0.494397,0.039877,-0.003904,-0.999197,-0.888801,-0.458239,-0.007048,0.001090,2.707676
1862,0.377500,-0.111733,0.494394,0.038786,-0.003990,-0.999240,-0.927208,-0.374469,-0.007630,0.001135,2.708810
1863,0.376364,-0.112078,0.494384,0.037904,-0.003865,-0.999274,-0.958371,-0.285427,-0.007559,0.001187,2.709998
1864,0.375141,-0.112337,0.494366,0.037022,-0.003740,-0.999307,-0.981336,-0.192171,-0.007010,0.001251,2.711248
1865,0.373831,-0.112508,0.494347,0.035499,-0.003827,-0.999362,-0.995367,-0.095948,-0.006201,0.001321,2.712570
1866,0.372435,-0.112591,0.494338,0.033976,-0.003913,-0.999415,-0.999985,0.001811,-0.005171,0.001398,2.713968
1867,0.371039,-0.112499,0.494321,0.031448,-0.005008,-0.999493,-0.995025,0.099549,-0.003960,0.001399,2.715367
1868,0.369722,-0.112329,0.494284,0.028919,-0.006103,-0.999563,-0.980662,0.195689,-0.002796,0.001329,2.716696
1869,0.368507,-0.112060,0.494172,0.027954,-0.005456,-0.999594,-0.957389,0.288794,-0.001945,0.001249,2.717945
1870,0.367373,-0.111705,0.494092,0.026989,-0.004808,-0.999624,-0.925955,0.377632,-0.001521,0.001191,2.719136
1871,0.366325,-0.111265,0.494086,0.027150,-0.005290,-0.999617,-0.887310,0.461170,-0.001475,0.001137,2.720272
1872,0.365364,-0.110739,0.494086,0.027311,-0.005773,-0.999610,-0.842562,0.538598,-0.001594,0.001096,2.721368
1873,0.364490,-0.110125,0.494091,0.026740,-0.005522,-0.999627,-0.792910,0.609337,-0.001771,0.001068,2.722436
1874,0.363704,-0.109425,0.494090,0.026169,-0.004073,-0.999649,-0.739620,0.673022,-0.002020,0.001053,2.723489
1875,0.363006,-0.108637,0.494091,0.025599,-0.002623,-0.999669,-0.683949,0.729526,-0.002308,0.001053,2.724542
1876,0.362393,-0.107761,0.494116,0.025028,-0.001174,-0.999686,-0.627070,0.778959,-0.002460,0.001069,2.725610
1877,0.361865,-0.106804,0.494152,0.024457,0.000276,-0.999701,-0.570025,0.821624,-0.002366,0.001093,2.726704
1878,0.361424,-0.105761,0.494193,0.023620,0.002013,-0.999719,-0.513671,0.857985,-0.002098,0.001134,2.727838
1879,0.361072,-0.104630,0.494238,0.022782,0.003751,-0.999733,-0.458714,0.888583,-0.001599,0.001185,2.729022
1880,0.360808,-0.103412,0.494282,0.022486,0.005855,-0.999730,-0.405739,0.913989,-0.000796,0.001247,2.730269
1881,0.360634,-0.102105,0.494321,0.022190,0.007958,-0.999722,-0.355236,0.934777,0.000301,0.001319,2.731588
1882,0.360548,-0.100711,0.494365,0.021890,0.010065,-0.999710,-0.307614,0.951510,0.001715,0.001398,2.732986
1883,0.360548,-0.099230,0.494412,0.021932,0.013569,-0.999667,-0.263207,0.964734,0.003287,0.001482,2.734468
1884,0.360547,-0.097748,0.494460,0.021973,0.017074,-0.999613,-0.222266,0.974974,0.004842,0.001482,2.735950
1885,0.360553,-0.096248,0.494461,0.021997,0.020561,-0.999547,-0.184938,0.982729,0.006456,0.001500,2.737451
1886,0.360552,-0.094768,0.494391,0.022407,0.024048,-0.999460,-0.151330,0.988449,0.008180,0.001482,2.738933
1887,0.360551,-0.093287,0.494322,0.022817,0.027535,-0.999360,-0.121529,0.992539,0.009818,0.001482,2.740415
1888,0.360551,-0.091806,0.494253,0.023227,0.031022,-0.999249,-0.095558,0.995360,0.011263,0.001482,2.741897
1889,0.360557,-0.090322,0.494155,0.021390,0.032255,-0.999251,-0.073400,0.997222,0.012704,0.001488,2.743385
1890,0.360557,-0.088837,0.494148,0.019553,0.033488,-0.999248,-0.054965,0.998386,0.014274,0.001485,2.744870
1891,0.360558,-0.087352,0.494141,0.019614,0.034102,-0.999226,-0.040007,0.999072,0.015978,0.001485,2.746355
1892,0.360558,-0.085867,0.494133,0.019674,0.034717,-0.999204,-0.028161,0.999444,0.017851,0.001485,2.747840
1893,0.360553,-0.084378,0.494131,0.019734,0.035331,-0.999181,-0.019044,0.999618,0.020015,0.001489,2.749329
1894,0.360553,-0.082892,0.494167,0.019794,0.035946,-0.999158,-0.012260,0.999670,0.022556,0.001486,2.750815
1895,0.360553,-0.081404,0.494202,0.019034,0.037859,-0.999102,-0.007439,0.999647,0.025492,0.001489,2.752304
1896,0.360554,-0.079916,0.494237,0.018274,0.039772,-0.999042,-0.004232,0.999577,0.028787,0.001489,2.753792
1897,0.360554,-0.078428,0.494272,0.017965,0.041235,-0.998988,-0.002284,0.999476,0.032276,0.001488,2.755281
1898,0.360551,-0.076941,0.494320,0.017655,0.042698,-0.998932,-0.001250,0.999355,0.035897,0.001488,2.756768
1899,0.360548,-0.075456,0.494373,0.017345,0.044161,-0.998874,-0.000825,0.999212,0.039685,0.001486,2.758255
1900,0.360545,-0.073971,0.494425,0.016785,0.042853,-0.998940,-0.000730,0.999048,0.043625,0.001486,2.759741
1901,0.360542,-0.072486,0.494478,0.016224,0.041768,-0.998996,-0.000729,0.998863,0.047667,0.001486,2.761226
1902,0.360540,-0.071003,0.494530,0.015663,0.040684,-0.999049,-0.000719,0.998663,0.051693,0.001484,2.762710
1903,0.360540,-0.069514,0.494659,0.015102,0.039599,-0.999102,-0.000695,0.998462,0.055442,0.001494,2.764204
1904,0.360536,-0.068037,0.494796,0.013842,0.039213,-0.999135,-0.000659,0.998279,0.058645,0.001484,2.765688
1905,0.360533,-0.066560,0.494934,0.012582,0.038827,-0.999167,-0.000616,0.998122,0.061247,0.001484,2.767172
1906,0.360529,-0.065082,0.495072,0.011965,0.040360,-0.999114,-0.000561,0.997995,0.063284,0.001484,2.768656
1907,0.360528,-0.063606,0.495209,0.011347,0.041893,-0.999058,-0.000488,0.997900,0.064770,0.001482,2.770138
1908,0.360527,-0.062131,0.495347,0.010729,0.043426,-0.998999,-0.000394,0.997833,0.065802,0.001482,2.771620
1909,0.360526,-0.060656,0.495484,0.010112,0.044256,-0.998969,-0.000288,0.997791,0.066431,0.001482,2.773101
1910,0.360525,-0.059181,0.495622,0.007931,0.044066,-0.998997,-0.000178,0.997786,0.066512,0.001481,2.774583
1911,0.360525,-0.057704,0.495754,0.005750,0.043876,-0.999020,-0.000068,0.997825,0.065915,0.001482,2.776065
1912,0.360525,-0.056220,0.495854,0.003570,0.043686,-0.999039,0.000041,0.997909,0.064630,0.001487,2.777553
1913,0.360525,-0.054736,0.495955,0.001389,0.043495,-0.999053,0.000156,0.998029,0.062755,0.001487,2.779040
1914,0.360524,-0.053252,0.496055,-0.000779,0.041857,-0.999123,0.000273,0.998169,0.060494,0.001487,2.780528
1915,0.360524,-0.051768,0.496164,-0.002948,0.040254,-0.999185,0.000386,0.998318,0.057980,0.001488,2.782015
1916,0.360526,-0.050291,0.496314,-0.005117,0.038651,-0.999240,0.000485,0.998476,0.055183,0.001485,2.783500
1917,0.360529,-0.048814,0.496464,-0.007286,0.037046,-0.999287,0.000562,0.998644,0.052052,0.001484,2.784984
1918,0.360532,-0.047337,0.496613,-0.009453,0.038153,-0.999227,0.000617,0.998821,0.048539,0.001484,2.786469
1919,0.360535,-0.045861,0.496763,-0.011354,0.038971,-0.999176,0.000645,0.999002,0.044659,0.001484,2.787953
1920,0.360538,-0.044346,0.496855,-0.012331,0.037937,-0.999204,0.000658,0.999175,0.040617,0.001517,2.789471
1921,0.360540,-0.042860,0.496836,-0.013309,0.036902,-0.999230,0.000670,0.999326,0.036707,0.001486,2.790957
1922,0.360542,-0.041374,0.496817,-0.014286,0.035868,-0.999254,0.000677,0.999456,0.032975,0.001486,2.792443
1923,0.360544,-0.039887,0.496799,-0.015260,0.034830,-0.999277,0.000662,0.999571,0.029290,0.001487,2.793930
1924,0.360546,-0.038399,0.496796,-0.016379,0.032780,-0.999328,0.000625,0.999672,0.025596,0.001488,2.795418
1925,0.360547,-0.036909,0.496820,-0.017498,0.030730,-0.999375,0.000566,0.999760,0.021894,0.001490,2.796908
1926,0.360550,-0.035416,0.496844,-0.018617,0.028343,-0.999425,0.000492,0.999835,0.018184,0.001492,2.798401
1927,0.360553,-0.033924,0.496868,-0.019735,0.025957,-0.999468,0.000407,0.999893,0.014617,0.001493,2.799894
1928,0.360556,-0.032431,0.496892,-0.020913,0.023689,-0.999501,0.000320,0.999934,0.011475,0.001493,2.801387
1929,0.360559,-0.030943,0.496889,-0.022090,0.021421,-0.999526,0.000234,0.999961,0.008870,0.001487,2.802874
1930,0.360560,-0.029463,0.496870,-0.023267,0.019154,-0.999546,0.000148,0.999977,0.006732,0.001480,2.804355
1931,0.360562,-0.027983,0.496851,-0.024443,0.016887,-0.999559,0.000055,0.999988,0.004842,0.001480,2.805835
1932,0.360562,-0.026500,0.496832,-0.025622,0.015236,-0.999556,-0.000055,0.999996,0.002958,0.001484,2.807318
1933,0.360559,-0.025014,0.496814,-0.026851,0.013483,-0.999549,-0.000177,0.999999,0.001136,0.001486,2.808804
1934,0.360555,-0.023530,0.496758,-0.028080,0.011730,-0.999537,-0.000301,1.000000,-0.000428,0.001486,2.810289
1935,0.360550,-0.022046,0.496695,-0.029308,0.010132,-0.999519,-0.000423,0.999999,-0.001659,0.001485,2.811774
1936,0.360544,-0.020564,0.496633,-0.029715,0.007720,-0.999529,-0.000541,0.999997,-0.002533,0.001484,2.813258
1937,0.360539,-0.019081,0.496570,-0.030251,0.005566,-0.999527,-0.000650,0.999995,-0.003001,0.001484,2.814742
1938,0.360542,-0.017584,0.496645,-0.030786,0.003412,-0.999520,-0.000750,0.999995,-0.003136,0.001499,2.816242
1939,0.360547,-0.016107,0.496747,-0.031321,0.001259,-0.999509,-0.000842,0.999995,-0.003156,0.001480,2.817721
1940,0.360545,-0.014623,0.496756,-0.031855,-0.000893,-0.999492,-0.000922,0.999995,-0.003148,0.001485,2.819206
1941,0.360543,-0.013139,0.496746,-0.032393,-0.000277,-0.999475,-0.000983,0.999995,-0.003032,0.001483,2.820689
1942,0.360541,-0.011656,0.496736,-0.032758,0.000683,-0.999463,-0.001024,0.999996,-0.002742,0.001483,2.822173
1943,0.360538,-0.010174,0.496726,-0.033124,0.001643,-0.999450,-0.001048,0.999997,-0.002227,0.001482,2.823655
1944,0.360534,-0.008692,0.496716,-0.033490,0.003130,-0.999434,-0.001052,0.999998,-0.001443,0.001482,2.825137
1945,0.360532,-0.007210,0.496730,-0.033159,0.003919,-0.999442,-0.001044,0.999999,-0.000531,0.001482,2.826619
1946,0.360529,-0.005727,0.496742,-0.032635,0.004324,-0.999458,-0.001039,0.999999,0.000342,0.001483,2.828102
1947,0.360527,-0.004240,0.496735,-0.032111,0.004729,-0.999473,-0.001030,0.999999,0.001270,0.001487,2.829589
1948,0.360523,-0.002752,0.496728,-0.031587,0.005134,-0.999488,-0.001010,0.999997,0.002346,0.001488,2.831077
1949,0.360522,-0.001268,0.496728,-0.031063,0.005539,-0.999502,-0.000981,0.999993,0.003536,0.001484,2.832560
1950,0.360522,0.000215,0.496728,-0.030538,0.006647,-0.999511,-0.000943,0.999988,0.004811,0.001484,2.834044
1951,0.360521,0.001699,0.496728,-0.029813,0.008157,-0.999522,-0.000899,0.999981,0.006150,0.001484,2.835528
1952,0.360520,0.003182,0.496729,-0.029089,0.009666,-0.999530,-0.000858,0.999972,0.007464,0.001484,2.837011
1953,0.360519,0.004666,0.496727,-0.028363,0.010213,-0.999546,-0.000827,0.999962,0.008695,0.001484,2.838495
1954,0.360518,0.006150,0.496721,-0.027638,0.010759,-0.999560,-0.000807,0.999951,0.009889,0.001484,2.839979
1955,0.360517,0.007634,0.496717,-0.026193,0.012025,-0.999585,-0.000798,0.999939,0.011018,0.001483,2.841463
1956,0.360517,0.009116,0.496720,-0.024747,0.013290,-0.999605,-0.000794,0.999926,0.012144,0.001483,2.842945
1957,0.360516,0.010599,0.496728,-0.023302,0.014556,-0.999622,-0.000781,0.999910,0.013405,0.001483,2.844428
1958,0.360515,0.012082,0.496747,-0.021083,0.016596,-0.999640,-0.000769,0.999892,0.014682,0.001483,2.845912
1959,0.360514,0.013566,0.496766,-0.018866,0.015927,-0.999695,-0.000764,0.999874,0.015830,0.001483,2.847395
1960,0.360513,0.015049,0.496785,-0.016649,0.015257,-0.999745,-0.000767,0.999857,0.016906,0.001483,2.848878
1961,0.360512,0.016532,0.496804,-0.015354,0.016437,-0.999747,-0.000780,0.999838,0.017991,0.001483,2.850361
1962,0.360512,0.018015,0.496832,-0.014059,0.016492,-0.999765,-0.000806,0.999817,0.019095,0.001484,2.851845
1963,0.360511,0.019497,0.496872,-0.012764,0.016547,-0.999782,-0.000841,0.999795,0.020237,0.001482,2.853327
1964,0.360511,0.020980,0.496927,-0.011468,0.016603,-0.999796,-0.000882,0.999772,0.021332,0.001484,2.854811
1965,0.360511,0.022462,0.496999,-0.010367,0.016270,-0.999814,-0.000924,0.999753,0.022222,0.001484,2.856295
1966,0.360510,0.023945,0.497060,-0.009042,0.015713,-0.999836,-0.000970,0.999737,0.022903,0.001484,2.857779
1967,0.360510,0.025429,0.497108,-0.007716,0.015493,-0.999850,-0.001017,0.999724,0.023453,0.001485,2.859264
1968,0.360509,0.026913,0.497157,-0.006391,0.015273,-0.999863,-0.001061,0.999714,0.023889,0.001485,2.860749
1969,0.360508,0.028397,0.497206,-0.005006,0.014934,-0.999876,-0.001103,0.999707,0.024181,0.001485,2.862233
1970,0.360505,0.029879,0.497254,-0.003621,0.014878,-0.999883,-0.001139,0.999704,0.024303,0.001483,2.863716
1971,0.360503,0.031360,0.497319,-0.002236,0.014823,-0.999888,-0.001171,0.999707,0.024172,0.001483,2.865199
1972,0.360500,0.032842,0.497392,-0.000851,0.014768,-0.999891,-0.001196,0.999719,0.023685,0.001483,2.866683
1973,0.360498,0.034328,0.497425,0.000534,0.014712,-0.999892,-0.001215,0.999738,0.022847,0.001487,2.868169
1974,0.360495,0.035815,0.497439,0.001970,0.014759,-0.999889,-0.001228,0.999763,0.021715,0.001487,2.869656
1975,0.360492,0.037300,0.497454,0.003768,0.015168,-0.999878,-0.001235,0.999791,0.020395,0.001486,2.871142
1976,0.360490,0.038786,0.497468,0.005566,0.015422,-0.999866,-0.001240,0.999819,0.018990,0.001486,2.872628
1977,0.360487,0.040272,0.497483,0.007365,0.015677,-0.999850,-0.001239,0.999846,0.017529,0.001486,2.874114
1978,0.360485,0.041759,0.497538,0.009291,0.015673,-0.999834,-0.001231,0.999871,0.016020,0.001487,2.875601
1979,0.360481,0.043244,0.497600,0.011219,0.015334,-0.999819,-0.001217,0.999895,0.014467,0.001486,2.877087
1980,0.360478,0.044729,0.497661,0.013146,0.014995,-0.999801,-0.001199,0.999916,0.012939,0.001487,2.878574
1981,0.360474,0.046214,0.497723,0.015073,0.014656,-0.999779,-0.001178,0.999933,0.011524,0.001487,2.880060
1982,0.360472,0.047705,0.497722,0.016999,0.014317,-0.999753,-0.001152,0.999947,0.010252,0.001490,2.881551
1983,0.360471,0.049189,0.497715,0.018754,0.013634,-0.999731,-0.001122,0.999958,0.009144,0.001485,2.883036
1984,0.360469,0.050674,0.497708,0.020509,0.012952,-0.999706,-0.001085,0.999966,0.008186,0.001485,2.884520
1985,0.360467,0.052159,0.497701,0.022263,0.011742,-0.999683,-0.001044,0.999973,0.007281,0.001485,2.886005
1986,0.360465,0.053644,0.497681,0.024017,0.010532,-0.999656,-0.000994,0.999979,0.006355,0.001485,2.887490
1987,0.360465,0.055129,0.497660,0.025866,0.009563,-0.999620,-0.000933,0.999985,0.005403,0.001486,2.888976
1988,0.360465,0.056615,0.497639,0.027714,0.009565,-0.999570,-0.000866,0.999990,0.004415,0.001486,2.890462
1989,0.360465,0.058101,0.497619,0.029563,0.009567,-0.999517,-0.000792,0.999994,0.003456,0.001486,2.891948
1990,0.360465,0.059588,0.497600,0.031411,0.009568,-0.999461,-0.000715,0.999996,0.002651,0.001487,2.893435
1991,0.360464,0.061072,0.497597,0.033259,0.009570,-0.999401,-0.000637,0.999998,0.002036,0.001484,2.894919
1992,0.360463,0.062556,0.497594,0.034310,0.008590,-0.999374,-0.000563,0.999999,0.001579,0.001484,2.896403
1993,0.360463,0.064040,0.497590,0.035361,0.007610,-0.999346,-0.000492,0.999999,0.001297,0.001484,2.897887
1994,0.360462,0.065524,0.497587,0.036413,0.007593,-0.999308,-0.000427,0.999999,0.001235,0.001484,2.899371
1995,0.360462,0.067008,0.497590,0.037464,0.007576,-0.999269,-0.000367,0.999999,0.001352,0.001484,2.900855
1996,0.360461,0.068491,0.497609,0.037913,0.008164,-0.999248,-0.000313,0.999999,0.001641,0.001483,2.902338
1997,0.360460,0.069975,0.497628,0.038361,0.007763,-0.999234,-0.000268,0.999998,0.002158,0.001484,2.903822
1998,0.360459,0.071458,0.497646,0.038809,0.007363,-0.999220,-0.000231,0.999996,0.002899,0.001484,2.905305
1999,0.360458,0.072943,0.497658,0.038483,0.006188,-0.999240,-0.000201,0.999993,0.003833,0.001485,2.906790
2000,0.360458,0.074426,0.497656,0.038156,0.005013,-0.999259,-0.000179,0.999988,0.004849,0.001483,2.908273
2001,0.360457,0.075909,0.497654,0.038835,0.003750,-0.999239,-0.000161,0.999983,0.005817,0.001483,2.909757
2002,0.360457,0.077393,0.497653,0.039514,0.002488,-0.999216,-0.000145,0.999978,0.006656,0.001483,2.911240
2003,0.360457,0.078876,0.497651,0.040192,0.002351,-0.999189,-0.000127,0.999974,0.007272,0.001483,2.912723
2004,0.360458,0.080360,0.497650,0.040871,0.002214,-0.999162,-0.000107,0.999971,0.007622,0.001484,2.914207
2005,0.360459,0.081844,0.497648,0.042377,0.001950,-0.999100,-0.000082,0.999970,0.007709,0.001484,2.915692
2006,0.360460,0.083329,0.497646,0.043882,0.001687,-0.999035,-0.000050,0.999971,0.007581,0.001484,2.917176
2007,0.360462,0.084813,0.497641,0.045164,0.001647,-0.998978,-0.000013,0.999973,0.007295,0.001484,2.918660
2008,0.360462,0.086299,0.497664,0.046446,0.001608,-0.998920,0.000029,0.999976,0.006858,0.001487,2.920147
2009,0.360461,0.087782,0.497713,0.048734,0.000556,-0.998812,0.000073,0.999980,0.006299,0.001484,2.921631
2010,0.360460,0.089266,0.497761,0.051026,0.000343,-0.998697,0.000119,0.999984,0.005650,0.001484,2.923115
2011,0.360459,0.090749,0.497810,0.053318,-0.000153,-0.998578,0.000165,0.999988,0.004946,0.001484,2.924599
2012,0.360458,0.092234,0.497869,0.055609,-0.000649,-0.998452,0.000217,0.999991,0.004165,0.001486,2.926085
2013,0.360458,0.093718,0.497882,0.057901,-0.001145,-0.998322,0.000277,0.999994,0.003308,0.001484,2.927569
2014,0.360458,0.095202,0.497895,0.060304,-0.001651,-0.998179,0.000344,0.999997,0.002465,0.001484,2.929054
2015,0.360458,0.096687,0.497909,0.062558,-0.002308,-0.998039,0.000416,0.999999,0.001631,0.001484,2.930538
2016,0.360459,0.098169,0.497930,0.064450,-0.003327,-0.997915,0.000496,1.000000,0.000709,0.001482,2.932020
2017,0.360460,0.099657,0.497933,0.066342,-0.004347,-0.997787,0.000589,1.000000,-0.000354,0.001488,2.933509
2018,0.360460,0.101143,0.497923,0.068234,-0.005366,-0.997655,0.000693,0.999999,-0.001561,0.001485,2.934994
2019,0.360461,0.102628,0.497913,0.070127,-0.005729,-0.997522,0.000809,0.999995,-0.002935,0.001485,2.936479
2020,0.360462,0.104113,0.497903,0.072019,-0.005756,-0.997387,0.000936,0.999990,-0.004450,0.001485,2.937965
2021,0.360462,0.105598,0.497864,0.073912,-0.005783,-0.997248,0.001067,0.999981,-0.006011,0.001485,2.939450
2022,0.360463,0.107082,0.497849,0.075804,-0.005810,-0.997106,0.001198,0.999971,-0.007564,0.001485,2.940934
2023,0.360464,0.108567,0.497833,0.076818,-0.005525,-0.997030,0.001321,0.999958,-0.009076,0.001485,2.942419
2024,0.360465,0.110051,0.497818,0.077831,-0.005240,-0.996953,0.001431,0.999944,-0.010525,0.001484,2.943903
2025,0.360467,0.111536,0.497781,0.078844,-0.004954,-0.996875,0.001526,0.999928,-0.011865,0.001485,2.945389
2026,0.360468,0.113020,0.497758,0.079857,-0.004669,-0.996795,0.001602,0.999914,-0.013026,0.001484,2.946873
2027,0.360470,0.114503,0.497735,0.080405,-0.003981,-0.996754,0.001658,0.999901,-0.013952,0.001484,2.948357
2028,0.360472,0.115987,0.497712,0.080666,-0.003149,-0.996736,0.001690,0.999892,-0.014566,0.001484,2.949840
2029,0.360473,0.117472,0.497686,0.080927,-0.003288,-0.996715,0.001696,0.999888,-0.014837,0.001485,2.951325
2030,0.360481,0.118953,0.497633,0.081188,-0.003427,-0.996693,0.001674,0.999890,-0.014751,0.001483,2.952808
2031,0.360485,0.120437,0.497600,0.081150,-0.003266,-0.996697,0.001625,0.999896,-0.014336,0.001484,2.954292
2032,0.360490,0.121921,0.497567,0.081111,-0.004052,-0.996697,0.001553,0.999905,-0.013662,0.001484,2.955776
2033,0.360495,0.123405,0.497534,0.081667,-0.004257,-0.996651,0.001466,0.999917,-0.012764,0.001484,2.957261
2034,0.360501,0.124889,0.497498,0.082223,-0.004463,-0.996604,0.001371,0.999931,-0.011684,0.001484,2.958745
2035,0.360507,0.126373,0.497457,0.082779,-0.004668,-0.996557,0.001273,0.999944,-0.010484,0.001485,2.960229
2036,0.360513,0.127857,0.497414,0.083619,-0.004688,-0.996487,0.001181,0.999956,-0.009258,0.001485,2.961714
2037,0.360519,0.129341,0.497371,0.085304,-0.005065,-0.996342,0.001092,0.999967,-0.008009,0.001485,2.963199
2038,0.360525,0.130824,0.497328,0.086990,-0.004453,-0.996199,0.001000,0.999977,-0.006720,0.001484,2.964683
2039,0.360527,0.132312,0.497318,0.088675,-0.003842,-0.996053,0.000907,0.999985,-0.005420,0.001488,2.966171
2040,0.360527,0.133797,0.497315,0.090361,-0.003231,-0.995904,0.000811,0.999991,-0.004096,0.001485,2.967656
2041,0.360528,0.135283,0.497312,0.092956,-0.002509,-0.995667,0.000714,0.999996,-0.002741,0.001485,2.969141
2042,0.360528,0.136768,0.497308,0.094551,-0.001700,-0.995519,0.000615,0.999999,-0.001360,0.001485,2.970626
2043,0.360523,0.138254,0.497334,0.096145,-0.000891,-0.995367,0.000519,1.000000,0.000007,0.001487,2.972113
2044,0.360521,0.139739,0.497350,0.097739,-0.000082,-0.995212,0.000421,0.999999,0.001360,0.001485,2.973598
2045,0.360519,0.141224,0.497366,0.099332,0.000581,-0.995054,0.000314,0.999996,0.002770,0.001485,2.975083
2046,0.360517,0.142709,0.497381,0.100102,0.001370,-0.994976,0.000197,0.999991,0.004245,0.001485,2.976568
2047,0.360513,0.144194,0.497409,0.100872,0.002159,-0.994897,0.000076,0.999983,0.005752,0.001486,2.978054
2048,0.360510,0.145678,0.497450,0.101641,0.002948,-0.994817,-0.000045,0.999974,0.007235,0.001484,2.979538
2049,0.360506,0.147163,0.497490,0.102050,0.003461,-0.994773,-0.000164,0.999962,0.008685,0.001485,2.981023
2050,0.360503,0.148647,0.497530,0.101001,0.004531,-0.994876,-0.000278,0.999949,0.010058,0.001485,2.982508
2051,0.360500,0.150131,0.497571,0.099952,0.004762,-0.994981,-0.000379,0.999936,0.011306,0.001484,2.983992
2052,0.360499,0.151617,0.497591,0.098902,0.004992,-0.995085,-0.000465,0.999923,0.012391,0.001487,2.985479
2053,0.360500,0.153102,0.497592,0.097852,0.005222,-0.995187,-0.000532,0.999912,0.013239,0.001485,2.986964
2054,0.360502,0.154587,0.497593,0.095918,0.004861,-0.995377,-0.000582,0.999904,0.013837,0.001485,2.988448
2055,0.360503,0.156071,0.497594,0.093873,0.004510,-0.995574,-0.000610,0.999900,0.014143,0.001485,2.989933
2056,0.360506,0.157556,0.497591,0.091976,0.004310,-0.995752,-0.000611,0.999900,0.014112,0.001484,2.991417
2057,0.360507,0.159040,0.497616,0.090078,0.004110,-0.995926,-0.000594,0.999905,0.013741,0.001484,2.992902
2058,0.360507,0.160524,0.497644,0.088179,0.004725,-0.996093,-0.000565,0.999915,0.013039,0.001484,2.994386
2059,0.360507,0.162007,0.497671,0.086279,0.005339,-0.996257,-0.000528,0.999927,0.012050,0.001484,2.995870
2060,0.360508,0.163491,0.497698,0.084380,0.005297,-0.996420,-0.000485,0.999941,0.010850,0.001484,2.997353
2061,0.360510,0.164975,0.497709,0.082480,0.005254,-0.996579,-0.000450,0.999954,0.009559,0.001485,2.998838
2062,0.360509,0.166459,0.497743,0.079645,0.006151,-0.996804,-0.000425,0.999966,0.008230,0.001484,3.000322
2063,0.360508,0.167942,0.497777,0.076808,0.006879,-0.997022,-0.000413,0.999976,0.006901,0.001484,3.001806
2064,0.360506,0.169426,0.497811,0.074850,0.007296,-0.997168,-0.000424,0.999984,0.005630,0.001484,3.003290
2065,0.360505,0.170909,0.497840,0.072892,0.007713,-0.997310,-0.000458,0.999990,0.004465,0.001484,3.004773
2066,0.360502,0.172391,0.497865,0.070932,0.008130,-0.997448,-0.000509,0.999994,0.003466,0.001482,3.006256
2067,0.360500,0.173873,0.497890,0.068825,0.009854,-0.997580,-0.000573,0.999996,0.002650,0.001482,3.007738
2068,0.360496,0.175355,0.497914,0.067182,0.011176,-0.997678,-0.000654,0.999998,0.002081,0.001482,3.009219
2069,0.360493,0.176837,0.497947,0.065539,0.012497,-0.997772,-0.000749,0.999998,0.001852,0.001483,3.010702
2070,0.360495,0.178322,0.497937,0.063896,0.013819,-0.997861,-0.000852,0.999998,0.002008,0.001485,3.012188
2071,0.360494,0.179805,0.497917,0.061434,0.012848,-0.998028,-0.000958,0.999996,0.002520,0.001483,3.013671
2072,0.360494,0.181289,0.497897,0.060505,0.012813,-0.998086,-0.001062,0.999994,0.003308,0.001483,3.015154
2073,0.360494,0.182772,0.497878,0.059574,0.013726,-0.998129,-0.001153,0.999990,0.004342,0.001483,3.016637
2074,0.360493,0.184259,0.497856,0.058644,0.014640,-0.998172,-0.001232,0.999984,0.005517,0.001487,3.018125
2075,0.360492,0.185743,0.497800,0.057714,0.015553,-0.998212,-0.001296,0.999976,0.006760,0.001485,3.019609
2076,0.360491,0.187226,0.497745,0.055887,0.016376,-0.998303,-0.001339,0.999967,0.008066,0.001485,3.021094
2077,0.360490,0.188710,0.497689,0.053777,0.017013,-0.998408,-0.001376,0.999954,0.009449,0.001485,3.022579
2078,0.360489,0.190198,0.497649,0.051419,0.017402,-0.998526,-0.001412,0.999939,0.010998,0.001489,3.024067
2079,0.360487,0.191687,0.497643,0.049062,0.017792,-0.998637,-0.001438,0.999918,0.012697,0.001489,3.025556
2080,0.360484,0.193175,0.497637,0.045584,0.017281,-0.998811,-0.001458,0.999894,0.014465,0.001488,3.027044
2081,0.360482,0.194663,0.497631,0.042104,0.016770,-0.998972,-0.001473,0.999867,0.016235,0.001488,3.028532
2082,0.360473,0.196156,0.497645,0.037710,0.016148,-0.999158,-0.001484,0.999836,0.018028,0.001493,3.030026
2083,0.360470,0.197640,0.497687,0.033314,0.015524,-0.999324,-0.001497,0.999803,0.019811,0.001485,3.031510
2084,0.360468,0.199127,0.497728,0.025197,0.018539,-0.999511,-0.001530,0.999768,0.021493,0.001487,3.032997
2085,0.360466,0.200614,0.497769,0.022310,0.023160,-0.999483,-0.001580,0.999731,0.023153,0.001488,3.034485
2086,0.360463,0.202101,0.497810,0.019419,0.027931,-0.999421,-0.001709,0.999688,0.024904,0.001488,3.035973
2087,0.360459,0.203591,0.497900,0.016527,0.032703,-0.999328,-0.001819,0.999639,0.026820,0.001493,3.037466
2088,0.360456,0.205071,0.498020,0.013632,0.037476,-0.999205,-0.001834,0.999573,0.029156,0.001485,3.038951
2089,0.360452,0.206552,0.498141,0.010731,0.038053,-0.999218,-0.001847,0.999484,0.032053,0.001485,3.040436
2090,0.360448,0.208032,0.498261,0.008192,0.038908,-0.999209,-0.001859,0.999370,0.035450,0.001485,3.041922
2091,0.360450,0.209521,0.498383,0.006107,0.040219,-0.999172,-0.001868,0.999230,0.039179,0.001493,3.043415
2092,0.360444,0.210999,0.498417,0.004023,0.041531,-0.999129,-0.001864,0.999076,0.042932,0.001479,3.044894
2093,0.360443,0.212482,0.498473,0.004310,0.041742,-0.999119,-0.001848,0.998917,0.046498,0.001484,3.046378
2094,0.360441,0.213965,0.498529,0.004597,0.041953,-0.999109,-0.001810,0.998755,0.049843,0.001484,3.047862
2095,0.360440,0.215448,0.498586,0.005775,0.042757,-0.999069,-0.001761,0.998601,0.052855,0.001484,3.049346
2096,0.360439,0.216929,0.498663,0.006954,0.043561,-0.999027,-0.001689,0.998461,0.055432,0.001483,3.050829
2097,0.360438,0.218411,0.498713,0.004927,0.047559,-0.998856,-0.001498,0.998341,0.057559,0.001483,3.052312
2098,0.360437,0.219890,0.498764,0.002894,0.048892,-0.998800,-0.001307,0.998249,0.059143,0.001480,3.053792
2099,0.360436,0.221366,0.498814,0.000860,0.049409,-0.998778,-0.001195,0.998195,0.060048,0.001477,3.055269
2100,0.360435,0.222841,0.498877,-0.001174,0.049927,-0.998752,-0.001064,0.998185,0.060206,0.001476,3.056744
2101,0.360427,0.224321,0.498873,-0.003207,0.050444,-0.998722,-0.001030,0.998220,0.059633,0.001481,3.058225
2102,0.360420,0.225802,0.498870,-0.005997,0.051719,-0.998644,-0.001334,0.998287,0.058492,0.001481,3.059706
2103,0.360412,0.227282,0.498866,-0.007846,0.049639,-0.998736,-0.002252,0.998368,0.057072,0.001481,3.061186
2104,0.360348,0.228821,0.498940,-0.009696,0.047728,-0.998813,-0.004076,0.998445,0.055603,0.001542,3.062728
2105,0.360426,0.230328,0.499050,-0.011546,0.045816,-0.998883,-0.007129,0.998508,0.054144,0.001512,3.064241
2106,0.360420,0.231765,0.499361,-0.013397,0.043902,-0.998946,-0.011752,0.998538,0.052763,0.001470,3.065711
2107,0.360414,0.233201,0.499671,-0.015248,0.041988,-0.999002,-0.018341,0.998502,0.051557,0.001470,3.067181
2108,0.360408,0.234637,0.499982,-0.016946,0.038762,-0.999105,-0.027303,0.998345,0.050621,0.001469,3.068650
2109,0.360410,0.236161,0.500171,-0.018644,0.035534,-0.999195,-0.039015,0.997982,0.050087,0.001536,3.070186
2110,0.360412,0.237646,0.500231,-0.017962,0.032303,-0.999317,-0.053852,0.997304,0.049842,0.001486,3.071671
2111,0.360415,0.239130,0.500291,-0.017280,0.029071,-0.999428,-0.072093,0.996160,0.049670,0.001486,3.073157
2112,0.360417,0.240615,0.500352,-0.015777,0.028140,-0.999479,-0.094102,0.994339,0.049349,0.001486,3.074643
2113,0.360403,0.242110,0.500332,-0.015516,0.025966,-0.999542,-0.120046,0.991586,0.048439,0.001495,3.076138
2114,0.360415,0.243596,0.500327,-0.015255,0.023793,-0.999601,-0.149838,0.987609,0.046649,0.001486,3.077624
2115,0.360426,0.245086,0.500321,-0.008568,0.023971,-0.999676,-0.183455,0.982048,0.043877,0.001490,3.079114
2116,0.360433,0.246579,0.500315,-0.001865,0.024150,-0.999707,-0.220841,0.974477,0.040286,0.001493,3.080607
2117,0.360434,0.248075,0.500356,0.005756,0.024419,-0.999685,-0.261908,0.964425,0.035900,0.001497,3.082104
2118,0.360438,0.249561,0.500416,0.010656,0.022465,-0.999691,-0.306381,0.951425,0.030343,0.001487,3.083591
2119,0.360355,0.250959,0.500443,0.018821,0.019719,-0.999628,-0.353943,0.934977,0.023265,0.001401,3.084991
2120,0.360184,0.252269,0.500472,0.027005,0.016964,-0.999491,-0.404276,0.914520,0.014656,0.001322,3.086314
2121,0.359927,0.253493,0.500502,0.029051,0.015044,-0.999465,-0.457064,0.889421,0.004781,0.001251,3.087564
2122,0.359589,0.254620,0.500571,0.031097,0.013123,-0.999430,-0.511935,0.859001,-0.006280,0.001179,3.088743
2123,0.359156,0.255685,0.500574,0.033142,0.011202,-0.999388,-0.568149,0.822733,-0.017809,0.001150,3.089893
2124,0.358634,0.256643,0.500560,0.036410,0.010413,-0.999283,-0.624924,0.780156,-0.028748,0.001091,3.090984
2125,0.358025,0.257514,0.500555,0.043413,0.005963,-0.999039,-0.681562,0.730733,-0.038767,0.001063,3.092047
2126,0.357322,0.258307,0.500560,0.045139,-0.000720,-0.998980,-0.737041,0.674150,-0.047877,0.001059,3.093106
2127,0.356523,0.259006,0.500577,0.046861,-0.007397,-0.998874,-0.790165,0.610302,-0.056305,0.001062,3.094168
2128,0.355645,0.259620,0.500603,0.048579,-0.014065,-0.998720,-0.839659,0.539339,-0.063928,0.001072,3.095239
2129,0.354690,0.260150,0.500638,0.050292,-0.020724,-0.998519,-0.884318,0.461561,-0.070304,0.001093,3.096332
2130,0.353609,0.260588,0.500590,0.051917,-0.023049,-0.998385,-0.922963,0.377505,-0.075033,0.001168,3.097500
2131,0.352468,0.260933,0.500536,0.053538,-0.026150,-0.998223,-0.954445,0.288010,-0.078010,0.001193,3.098693
2132,0.351241,0.261192,0.500484,0.054541,-0.029818,-0.998066,-0.977730,0.194228,-0.079501,0.001255,3.099949
2133,0.349926,0.261363,0.500433,0.055543,-0.033484,-0.997895,-0.992052,0.097479,-0.079559,0.001326,3.101275
2134,0.348525,0.261428,0.500385,0.054168,-0.036043,-0.997881,-0.996907,-0.000827,-0.078592,0.001403,3.102678
2135,0.347001,0.261297,0.500031,0.052792,-0.038602,-0.997859,-0.992080,-0.099151,-0.077108,0.001570,3.104248
2136,0.345776,0.261135,0.499645,0.051428,-0.035356,-0.998051,-0.977752,-0.195850,-0.075131,0.001295,3.105543
2137,0.344630,0.260883,0.499280,0.050062,-0.032108,-0.998230,-0.954444,-0.289456,-0.072463,0.001229,3.106772
2138,0.343526,0.260519,0.498956,0.051569,-0.031664,-0.998167,-0.922914,-0.378711,-0.069341,0.001207,3.107979
2139,0.342545,0.260066,0.498761,0.053634,-0.025914,-0.998224,-0.884114,-0.462543,-0.066298,0.001098,3.109077
2140,0.341638,0.259529,0.498502,0.055691,-0.023644,-0.998168,-0.839177,-0.540141,-0.063483,0.001085,3.110162
2141,0.340615,0.258927,0.498502,0.057748,-0.021373,-0.998102,-0.789327,-0.610927,-0.061083,0.001187,3.111349
2142,0.339829,0.258239,0.498540,0.059805,-0.019102,-0.998027,-0.735890,-0.674525,-0.059004,0.001045,3.112394
2143,0.339129,0.257465,0.498588,0.061725,-0.016755,-0.997953,-0.680189,-0.730841,-0.056700,0.001044,3.113439
2144,0.338533,0.256603,0.498596,0.063631,-0.015864,-0.997847,-0.623431,-0.780022,-0.053851,0.001048,3.114486
2145,0.338015,0.255647,0.498592,0.065535,-0.014974,-0.997738,-0.566663,-0.822393,-0.050629,0.001087,3.115574
2146,0.337578,0.254603,0.498605,0.067625,-0.013895,-0.997614,-0.510714,-0.858441,-0.047431,0.001132,3.116706
2147,0.337220,0.253475,0.498648,0.069715,-0.012817,-0.997485,-0.456305,-0.888730,-0.044096,0.001184,3.117891
2148,0.336956,0.252249,0.498702,0.071803,-0.011740,-0.997350,-0.403837,-0.913917,-0.040875,0.001254,3.119145
2149,0.336779,0.250939,0.498769,0.073891,-0.009502,-0.997221,-0.353721,-0.934579,-0.038007,0.001324,3.120469
2150,0.336688,0.249545,0.498848,0.075978,-0.007264,-0.997083,-0.306466,-0.951235,-0.035081,0.001400,3.121869
2151,0.336684,0.248065,0.498938,0.075693,-0.005027,-0.997118,-0.262421,-0.964424,-0.031980,0.001482,3.123351
2152,0.336679,0.246599,0.499078,0.075926,-0.003311,-0.997108,-0.221852,-0.974659,-0.028659,0.001473,3.124824
2153,0.336671,0.245135,0.499238,0.076159,-0.001541,-0.997094,-0.184844,-0.982438,-0.025460,0.001473,3.126297
2154,0.336664,0.243673,0.499397,0.076392,0.000228,-0.997078,-0.151422,-0.988201,-0.023032,0.001471,3.127768
2155,0.336656,0.242214,0.499557,0.076624,0.001998,-0.997058,-0.121657,-0.992335,-0.021702,0.001468,3.129235
2156,0.336659,0.240577,0.499426,0.070360,0.001432,-0.997521,-0.095569,-0.995194,-0.021365,0.001642,3.130877
2157,0.336665,0.239111,0.499237,0.064586,0.000381,-0.997912,-0.073144,-0.997084,-0.021740,0.001478,3.132355
2158,0.336676,0.237640,0.499044,0.058818,-0.000321,-0.998269,-0.054302,-0.998259,-0.023006,0.001484,3.133839
2159,0.336679,0.236161,0.498822,0.055806,0.001180,-0.998441,-0.038991,-0.998924,-0.025103,0.001495,3.135334
2160,0.336691,0.234723,0.498543,0.049524,0.003481,-0.998767,-0.026926,-0.999257,-0.027579,0.001465,3.136799
2161,0.336697,0.233248,0.498381,0.043336,0.005693,-0.999044,-0.017607,-0.999383,-0.030390,0.001484,3.138283
2162,0.336704,0.231771,0.498218,0.044391,0.008644,-0.998977,-0.010627,-0.999381,-0.033533,0.001486,3.139769
2163,0.336699,0.230303,0.498046,0.045131,0.011279,-0.998917,-0.005600,-0.999313,-0.036648,0.001478,3.141248
2164,0.336705,0.228763,0.497835,0.045870,0.013914,-0.998850,-0.002186,-0.999225,-0.039305,0.001554,3.142801
2165,0.336707,0.227287,0.497856,0.045398,0.015425,-0.998850,-0.000058,-0.999143,-0.041387,0.001476,3.144277
2166,0.336710,0.225811,0.497868,0.044925,0.016936,-0.998847,0.001116,-0.999081,-0.042838,0.001476,3.145754
2167,0.336711,0.224332,0.497878,0.044452,0.019064,-0.998830,0.001642,-0.999051,-0.043528,0.001479,3.147233
2168,0.336713,0.222851,0.497889,0.043746,0.021659,-0.998808,0.001779,-0.999052,-0.043500,0.001481,3.148714
2169,0.336716,0.221366,0.497854,0.043039,0.024253,-0.998779,0.001776,-0.999079,-0.042882,0.001486,3.150200
2170,0.336718,0.219881,0.497794,0.042333,0.026846,-0.998743,0.001758,-0.999131,-0.041642,0.001486,3.151685
2171,0.336721,0.218396,0.497735,0.041743,0.029324,-0.998698,0.001726,-0.999210,-0.039693,0.001486,3.153172
2172,0.336724,0.216908,0.497687,0.041154,0.032571,-0.998622,0.001667,-0.999305,-0.037238,0.001488,3.154660
2173,0.336727,0.215425,0.497658,0.041180,0.036376,-0.998489,0.001584,-0.999402,-0.034543,0.001483,3.156143
2174,0.336730,0.213944,0.497627,0.041238,0.040247,-0.998338,0.001496,-0.999488,-0.031959,0.001482,3.157626
2175,0.336732,0.212461,0.497596,0.041296,0.044116,-0.998173,0.001422,-0.999553,-0.029876,0.001483,3.159109
2176,0.336735,0.210978,0.497565,0.041354,0.047982,-0.997992,0.001367,-0.999599,-0.028300,0.001483,3.160592
2177,0.336736,0.209495,0.497563,0.041422,0.046077,-0.998079,0.001327,-0.999630,-0.027184,0.001483,3.162075
2178,0.336737,0.208010,0.497543,0.041775,0.043887,-0.998163,0.001307,-0.999645,-0.026622,0.001485,3.163560
2179,0.336739,0.206526,0.497520,0.042456,0.041303,-0.998244,0.001314,-0.999646,-0.026559,0.001485,3.165044
2180,0.336740,0.205042,0.497497,0.042617,0.035683,-0.998454,0.001341,-0.999638,-0.026883,0.001484,3.166528
2181,0.336740,0.203560,0.497477,0.042768,0.033559,-0.998521,0.001369,-0.999618,-0.027591,0.001483,3.168011
2182,0.336741,0.202076,0.497439,0.042919,0.031436,-0.998584,0.001394,-0.999589,-0.028647,0.001484,3.169495
2183,0.336744,0.200595,0.497386,0.043312,0.029070,-0.998639,0.001422,-0.999556,-0.029773,0.001482,3.170977
2184,0.336745,0.199113,0.497346,0.044593,0.025162,-0.998688,0.001451,-0.999527,-0.030730,0.001483,3.172460
2185,0.336746,0.197632,0.497306,0.045877,0.025121,-0.998631,0.001480,-0.999502,-0.031532,0.001482,3.173941
2186,0.336746,0.196151,0.497266,0.047160,0.025080,-0.998572,0.001504,-0.999483,-0.032109,0.001482,3.175423
2187,0.336747,0.194669,0.497226,0.047927,0.025185,-0.998533,0.001517,-0.999472,-0.032449,0.001482,3.176905
2188,0.336749,0.193187,0.497173,0.048693,0.025786,-0.998481,0.001521,-0.999467,-0.032612,0.001483,3.178388
2189,0.336751,0.191707,0.497104,0.049458,0.026387,-0.998428,0.001512,-0.999467,-0.032616,0.001482,3.179870
2190,0.336753,0.190225,0.497036,0.050225,0.025837,-0.998404,0.001489,-0.999473,-0.032436,0.001483,3.181353
2191,0.336756,0.188743,0.496966,0.050992,0.025286,-0.998379,0.001454,-0.999484,-0.032086,0.001484,3.182837
2192,0.336759,0.187260,0.496896,0.051789,0.024705,-0.998352,0.001412,-0.999499,-0.031616,0.001485,3.184321
2193,0.336763,0.185777,0.496826,0.052068,0.024730,-0.998337,0.001367,-0.999516,-0.031073,0.001485,3.185806
2194,0.336766,0.184294,0.496752,0.052056,0.024409,-0.998346,0.001322,-0.999534,-0.030485,0.001485,3.187291
2195,0.336770,0.182811,0.496678,0.052044,0.024088,-0.998354,0.001273,-0.999555,-0.029806,0.001486,3.188776
2196,0.336775,0.181324,0.496603,0.052032,0.023767,-0.998363,0.001219,-0.999579,-0.028995,0.001488,3.190264
2197,0.336780,0.179838,0.496529,0.052019,0.025151,-0.998329,0.001161,-0.999605,-0.028082,0.001489,3.191753
2198,0.336785,0.178350,0.496455,0.051523,0.027017,-0.998306,0.001101,-0.999632,-0.027118,0.001490,3.193243
2199,0.336788,0.176863,0.496398,0.051027,0.028538,-0.998289,0.001042,-0.999657,-0.026165,0.001488,3.194730
2200,0.336790,0.175376,0.496362,0.050899,0.029691,-0.998262,0.000991,-0.999678,-0.025358,0.001488,3.196218
2201,0.336792,0.173890,0.496328,0.050770,0.030844,-0.998234,0.000952,-0.999692,-0.024791,0.001486,3.197705
2202,0.336794,0.172404,0.496294,0.050559,0.031405,-0.998227,0.000923,-0.999702,-0.024404,0.001486,3.199191
2203,0.336796,0.170916,0.496271,0.050178,0.031114,-0.998256,0.000893,-0.999709,-0.024123,0.001488,3.200679
2204,0.336796,0.169427,0.496274,0.050109,0.031136,-0.998258,0.000849,-0.999715,-0.023876,0.001489,3.202168
2205,0.336794,0.167941,0.496298,0.050040,0.031158,-0.998261,0.000787,-0.999721,-0.023608,0.001486,3.203654
2206,0.336791,0.166454,0.496322,0.049973,0.029627,-0.998311,0.000710,-0.999727,-0.023335,0.001487,3.205141
2207,0.336789,0.164967,0.496341,0.049906,0.028096,-0.998359,0.000623,-0.999732,-0.023139,0.001487,3.206628
2208,0.336787,0.163479,0.496341,0.049840,0.026564,-0.998404,0.000531,-0.999735,-0.023027,0.001488,3.208116
2209,0.336787,0.161999,0.496315,0.048791,0.025780,-0.998476,0.000432,-0.999738,-0.022895,0.001480,3.209596
2210,0.336786,0.160520,0.496289,0.047743,0.025035,-0.998546,0.000321,-0.999743,-0.022666,0.001480,3.211076
2211,0.336786,0.159041,0.496263,0.046694,0.024290,-0.998614,0.000198,-0.999752,-0.022289,0.001479,3.212555
2212,0.336786,0.157562,0.496238,0.045645,0.023517,-0.998681,0.000067,-0.999762,-0.021830,0.001479,3.214034
2213,0.336786,0.156085,0.496210,0.044596,0.022743,-0.998746,-0.000073,-0.999771,-0.021386,0.001477,3.215511
2214,0.336787,0.154607,0.496190,0.044025,0.021492,-0.998799,-0.000206,-0.999780,-0.020981,0.001479,3.216990
2215,0.336786,0.153127,0.496178,0.043420,0.019442,-0.998868,-0.000317,-0.999787,-0.020655,0.001480,3.218470
2216,0.336786,0.151645,0.496167,0.042815,0.017392,-0.998932,-0.000401,-0.999792,-0.020379,0.001481,3.219952
2217,0.336787,0.150152,0.496121,0.042210,0.015342,-0.998991,-0.000461,-0.999799,-0.020036,0.001493,3.221445
2218,0.336792,0.148668,0.496005,0.041353,0.013542,-0.999053,-0.000507,-0.999809,-0.019529,0.001489,3.222934
2219,0.336796,0.147185,0.495890,0.040213,0.011604,-0.999124,-0.000543,-0.999822,-0.018884,0.001488,3.224422
2220,0.336801,0.145700,0.495777,0.040736,0.011333,-0.999106,-0.000565,-0.999834,-0.018219,0.001489,3.225911
2221,0.336801,0.144220,0.495683,0.041259,0.011448,-0.999083,-0.000564,-0.999845,-0.017589,0.001483,3.227394
2222,0.336798,0.142733,0.495628,0.041782,0.011563,-0.999060,-0.000549,-0.999856,-0.016944,0.001488,3.228882
2223,0.336794,0.141248,0.495583,0.042306,0.009748,-0.999057,-0.000517,-0.999868,-0.016252,0.001485,3.230367
2224,0.336792,0.139765,0.495542,0.042586,0.008176,-0.999059,-0.000462,-0.999880,-0.015474,0.001484,3.231851
2225,0.336789,0.138282,0.495500,0.041951,0.006399,-0.999099,-0.000403,-0.999895,-0.014484,0.001484,3.233335
2226,0.336786,0.136781,0.495510,0.041315,0.004621,-0.999135,-0.000361,-0.999914,-0.013084,0.001501,3.234835
2227,0.336781,0.135290,0.495563,0.040680,0.002842,-0.999168,-0.000359,-0.999938,-0.011166,0.001492,3.236328
2228,0.336776,0.133798,0.495616,0.040375,0.000731,-0.999184,-0.000388,-0.999961,-0.008801,0.001493,3.237821
2229,0.336773,0.132303,0.495644,0.038637,0.000985,-0.999253,-0.000425,-0.999981,-0.006106,0.001495,3.239315
2230,0.336768,0.130811,0.495623,0.036898,0.001239,-0.999318,-0.000461,-0.999995,-0.003149,0.001492,3.240808
2231,0.336764,0.129321,0.495599,0.035159,0.001492,-0.999381,-0.000488,-1.000000,0.000058,0.001491,3.242299
2232,0.336764,0.127836,0.495576,0.033422,-0.000592,-0.999441,-0.000520,-0.999994,0.003311,0.001485,3.243784
2233,0.336765,0.126351,0.495553,0.031654,-0.002646,-0.999495,-0.000566,-0.999980,0.006364,0.001485,3.245268
2234,0.336768,0.124864,0.495557,0.029886,-0.004789,-0.999542,-0.000631,-0.999957,0.009258,0.001487,3.246755
2235,0.336769,0.123378,0.495599,0.028410,-0.006639,-0.999574,-0.000715,-0.999926,0.012167,0.001487,3.248242
2236,0.336769,0.121895,0.495649,0.026934,-0.008489,-0.999601,-0.000803,-0.999885,0.015120,0.001484,3.249726
2237,0.336766,0.120410,0.495699,0.025457,-0.010339,-0.999622,-0.000874,-0.999838,0.017979,0.001486,3.251212
2238,0.336769,0.118920,0.495741,0.024749,-0.013127,-0.999607,-0.000904,-0.999787,0.020614,0.001491,3.252703
2239,0.336771,0.117431,0.495787,0.024041,-0.015914,-0.999584,-0.000904,-0.999735,0.022985,0.001490,3.254192
2240,0.336771,0.115940,0.495822,0.023333,-0.018700,-0.999553,-0.000904,-0.999684,0.025113,0.001492,3.255684
2241,0.336779,0.114456,0.495782,0.022258,-0.019934,-0.999554,-0.000911,-0.999636,0.026966,0.001485,3.257169
2242,0.336785,0.112973,0.495742,0.021182,-0.021168,-0.999552,-0.000928,-0.999594,0.028469,0.001483,3.258652
2243,0.336790,0.111474,0.495705,0.020106,-0.021726,-0.999562,-0.000943,-0.999557,0.029741,0.001500,3.260151
2244,0.336785,0.109992,0.495782,0.019201,-0.022113,-0.999571,-0.000939,-0.999520,0.030956,0.001483,3.261635
2245,0.336773,0.108509,0.495906,0.018297,-0.022499,-0.999579,-0.000923,-0.999483,0.032151,0.001489,3.263123
2246,0.336769,0.107034,0.496038,0.017393,-0.022886,-0.999587,-0.000907,-0.999448,0.033208,0.001481,3.264604
2247,0.336765,0.105558,0.496171,0.015982,-0.022224,-0.999625,-0.000891,-0.999422,0.033975,0.001482,3.266086
2248,0.336762,0.104084,0.496303,0.014571,-0.021562,-0.999661,-0.000888,-0.999405,0.034466,0.001480,3.267566
2249,0.336765,0.102582,0.496434,0.013160,-0.020900,-0.999695,-0.000911,-0.999396,0.034743,0.001507,3.269073
2250,0.336757,0.101100,0.496393,0.012963,-0.021600,-0.999683,-0.000951,-0.999392,0.034839,0.001483,3.270557
2251,0.336750,0.099617,0.496352,0.012767,-0.022338,-0.999669,-0.000981,-0.999399,0.034654,0.001483,3.272040
2252,0.336742,0.098128,0.496345,0.012570,-0.023076,-0.999655,-0.000980,-0.999418,0.034088,0.001489,3.273529
2253,0.336738,0.096649,0.496445,0.012346,-0.023786,-0.999641,-0.000954,-0.999449,0.033181,0.001482,3.275011
2254,0.336736,0.095173,0.496546,0.012122,-0.024497,-0.999626,-0.000916,-0.999487,0.032021,0.001480,3.276491
2255,0.336735,0.093696,0.496646,0.011419,-0.024729,-0.999629,-0.000874,-0.999528,0.030707,0.001480,3.277971
2256,0.336734,0.092219,0.496746,0.010717,-0.024231,-0.999649,-0.000833,-0.999571,0.029279,0.001480,3.279452
2257,0.336734,0.090742,0.496846,0.010015,-0.023733,-0.999668,-0.000780,-0.999609,0.027940,0.001481,3.280932
2258,0.336730,0.089257,0.496915,0.009313,-0.023235,-0.999687,-0.000707,-0.999638,0.026895,0.001487,3.282419
2259,0.336731,0.087772,0.496969,0.008862,-0.023639,-0.999681,-0.000607,-0.999662,0.025997,0.001485,3.283904
2260,0.336732,0.086288,0.497023,0.008412,-0.023619,-0.999686,-0.000472,-0.999689,0.024943,0.001485,3.285389
2261,0.336734,0.084798,0.497045,0.006295,-0.025265,-0.999661,-0.000315,-0.999721,0.023613,0.001490,3.286880
2262,0.336736,0.083316,0.497027,0.004151,-0.026884,-0.999630,-0.000153,-0.999754,0.022192,0.001482,3.288362
2263,0.336737,0.081834,0.497009,0.002007,-0.028502,-0.999592,-0.000010,-0.999782,0.020879,0.001482,3.289844
2264,0.336739,0.080351,0.496991,-0.000135,-0.028191,-0.999603,0.000114,-0.999805,0.019730,0.001483,3.291327
2265,0.336740,0.078868,0.496973,-0.002276,-0.027879,-0.999609,0.000233,-0.999823,0.018788,0.001483,3.292810
2266,0.336741,0.077384,0.496955,-0.003499,-0.026652,-0.999639,0.000350,-0.999836,0.018111,0.001484,3.294294
2267,0.336741,0.075899,0.496965,-0.004722,-0.025008,-0.999676,0.000467,-0.999843,0.017714,0.001485,3.295779
2268,0.336742,0.074415,0.496977,-0.005945,-0.023365,-0.999709,0.000578,-0.999848,0.017427,0.001484,3.297264
2269,0.336743,0.072931,0.496990,-0.007168,-0.021721,-0.999738,0.000669,-0.999853,0.017124,0.001484,3.298748
2270,0.336745,0.071447,0.497009,-0.006961,-0.022939,-0.999713,0.000740,-0.999857,0.016866,0.001484,3.300231
2271,0.336746,0.069966,0.497030,-0.006994,-0.023916,-0.999689,0.000797,-0.999859,0.016798,0.001482,3.301713
2272,0.336747,0.068484,0.497052,-0.007027,-0.024894,-0.999665,0.000844,-0.999855,0.017010,0.001482,3.303195
2273,0.336749,0.067003,0.497073,-0.007061,-0.023535,-0.999698,0.000888,-0.999848,0.017438,0.001482,3.304677
2274,0.336750,0.065521,0.497093,-0.007095,-0.022177,-0.999729,0.000931,-0.999837,0.018023,0.001482,3.306158
2275,0.336751,0.064040,0.497113,-0.007129,-0.020819,-0.999758,0.000973,-0.999824,0.018726,0.001481,3.307640
2276,0.336752,0.062558,0.497133,-0.007163,-0.018757,-0.999798,0.001011,-0.999809,0.019506,0.001482,3.309121
2277,0.336753,0.061077,0.497153,-0.007198,-0.016696,-0.999835,0.001048,-0.999793,0.020299,0.001482,3.310603
2278,0.336754,0.059595,0.497173,-0.007232,-0.014634,-0.999867,0.001090,-0.999778,0.021061,0.001482,3.312085
2279,0.336756,0.058111,0.497227,-0.008034,-0.013339,-0.999879,0.001136,-0.999764,0.021695,0.001485,3.313570
2280,0.336757,0.056629,0.497286,-0.008837,-0.012044,-0.999888,0.001186,-0.999755,0.022082,0.001483,3.315053
2281,0.336758,0.055147,0.497346,-0.009639,-0.010749,-0.999896,0.001240,-0.999753,0.022205,0.001483,3.316536
2282,0.336760,0.053665,0.497404,-0.011000,-0.011195,-0.999877,0.001298,-0.999755,0.022093,0.001483,3.318019
2283,0.336762,0.052182,0.497462,-0.012360,-0.011641,-0.999856,0.001359,-0.999763,0.021748,0.001484,3.319503
2284,0.336764,0.050699,0.497520,-0.013720,-0.012088,-0.999833,0.001421,-0.999774,0.021214,0.001484,3.320987
2285,0.336767,0.049216,0.497578,-0.015081,-0.012002,-0.999814,0.001488,-0.999787,0.020586,0.001484,3.322471
2286,0.336769,0.047733,0.497636,-0.016441,-0.011917,-0.999794,0.001565,-0.999801,0.019873,0.001484,3.323955
2287,0.336772,0.046249,0.497692,-0.017801,-0.011831,-0.999772,0.001647,-0.999818,0.019008,0.001485,3.325441
2288,0.336774,0.044761,0.497725,-0.018655,-0.011239,-0.999763,0.001731,-0.999837,0.017952,0.001489,3.326929
2289,0.336776,0.043272,0.497757,-0.019508,-0.010646,-0.999753,0.001815,-0.999859,0.016716,0.001489,3.328418
2290,0.336778,0.041784,0.497790,-0.020361,-0.010054,-0.999742,0.001901,-0.999880,0.015357,0.001489,3.329907
2291,0.336781,0.040295,0.497810,-0.021651,-0.009752,-0.999718,0.001987,-0.999901,0.013913,0.001490,3.331397
2292,0.336783,0.038806,0.497828,-0.022941,-0.009451,-0.999692,0.002073,-0.999921,0.012380,0.001489,3.332886
2293,0.336785,0.037317,0.497846,-0.024230,-0.009149,-0.999665,0.002157,-0.999939,0.010788,0.001489,3.334375
2294,0.336789,0.035830,0.497864,-0.025492,-0.009043,-0.999634,0.002239,-0.999955,0.009171,0.001487,3.335862
2295,0.336794,0.034343,0.497882,-0.026754,-0.008937,-0.999602,0.002318,-0.999969,0.007533,0.001487,3.337348
2296,0.336798,0.032855,0.497886,-0.028016,-0.008830,-0.999568,0.002393,-0.999980,0.005870,0.001488,3.338836
2297,0.336802,0.031368,0.497861,-0.029278,-0.008724,-0.999533,0.002460,-0.999988,0.004226,0.001488,3.340324
2298,0.336806,0.029880,0.497836,-0.030539,-0.008617,-0.999496,0.002520,-0.999993,0.002688,0.001488,3.341812
2299,0.336810,0.028392,0.497811,-0.031741,-0.008451,-0.999460,0.002575,-0.999996,0.001323,0.001488,3.343300
2300,0.336813,0.026905,0.497786,-0.032942,-0.007633,-0.999428,0.002627,-0.999997,0.000148,0.001487,3.344787
2301,0.336816,0.025418,0.497761,-0.034143,-0.006815,-0.999394,0.002673,-0.999996,-0.000838,0.001487,3.346275
2302,0.336819,0.023930,0.497761,-0.035344,-0.005998,-0.999357,0.002706,-0.999995,-0.001641,0.001488,3.347762
2303,0.336825,0.022445,0.497770,-0.036517,-0.005496,-0.999318,0.002722,-0.999994,-0.002247,0.001485,3.349248
2304,0.336831,0.020960,0.497779,-0.037690,-0.004993,-0.999277,0.002725,-0.999993,-0.002635,0.001485,3.350733
2305,0.336837,0.019477,0.497770,-0.038863,-0.004491,-0.999234,0.002717,-0.999992,-0.002782,0.001483,3.352216
2306,0.336842,0.017996,0.497747,-0.040036,-0.003989,-0.999190,0.002700,-0.999993,-0.002702,0.001481,3.353697
2307,0.336847,0.016515,0.497723,-0.041209,-0.003487,-0.999144,0.002673,-0.999993,-0.002430,0.001481,3.355178
2308,0.336852,0.015034,0.497700,-0.042084,-0.003101,-0.999109,0.002634,-0.999995,-0.001980,0.001481,3.356659
2309,0.336857,0.013553,0.497676,-0.042958,-0.002716,-0.999073,0.002582,-0.999996,-0.001400,0.001481,3.358141
2310,0.336862,0.012072,0.497653,-0.043832,-0.002331,-0.999036,0.002511,-0.999997,-0.000757,0.001481,3.359622
2311,0.336864,0.010587,0.497654,-0.044706,-0.001487,-0.998999,0.002417,-0.999997,-0.000086,0.001485,3.361107
2312,0.336868,0.009103,0.497657,-0.045340,-0.000885,-0.998971,0.002302,-0.999997,0.000619,0.001484,3.362591
2313,0.336871,0.007619,0.497660,-0.045974,-0.000282,-0.998943,0.002176,-0.999997,0.001395,0.001484,3.364075
2314,0.336875,0.006137,0.497671,-0.046354,0.000065,-0.998925,0.002043,-0.999995,0.002215,0.001482,3.365557
2315,0.336880,0.004657,0.497684,-0.046733,0.000413,-0.998907,0.001902,-0.999994,0.002998,0.001480,3.367037
2316,0.336884,0.003178,0.497697,-0.047113,0.000761,-0.998889,0.001749,-0.999992,0.003688,0.001480,3.368516
2317,0.336888,0.001698,0.497711,-0.047492,0.000405,-0.998872,0.001584,-0.999990,0.004283,0.001480,3.369996
2318,0.336892,0.000218,0.497724,-0.047872,0.000049,-0.998854,0.001406,-0.999988,0.004770,0.001480,3.371476
2319,0.336896,-0.001262,0.497737,-0.048251,-0.000307,-0.998835,0.001221,-0.999986,0.005116,0.001480,3.372956
2320,0.336896,-0.002745,0.497747,-0.048631,0.000672,-0.998817,0.001033,-0.999985,0.005349,0.001484,3.374440
2321,0.336896,-0.004229,0.497757,-0.049011,0.001651,-0.998797,0.000844,-0.999984,0.005508,0.001484,3.375923
2322,0.336896,-0.005713,0.497766,-0.049390,0.002630,-0.998776,0.000658,-0.999984,0.005569,0.001484,3.377407
2323,0.336897,-0.007200,0.497793,-0.048999,0.003954,-0.998791,0.000471,-0.999985,0.005422,0.001488,3.378895
2324,0.336898,-0.008687,0.497820,-0.048608,0.005278,-0.998804,0.000279,-0.999988,0.004981,0.001487,3.380382
2325,0.336899,-0.010174,0.497848,-0.048217,0.006603,-0.998815,0.000086,-0.999991,0.004264,0.001487,3.381869
2326,0.336899,-0.011660,0.497875,-0.047825,0.007395,-0.998828,-0.000106,-0.999994,0.003318,0.001486,3.383355
2327,0.336898,-0.013145,0.497903,-0.047434,0.008188,-0.998841,-0.000289,-0.999998,0.002155,0.001486,3.384841
2328,0.336896,-0.014631,0.497924,-0.047043,0.008981,-0.998853,-0.000458,-1.000000,0.000761,0.001486,3.386327
2329,0.336895,-0.016116,0.497934,-0.046653,0.011414,-0.998846,-0.000614,-0.999999,-0.000852,0.001485,3.387812
2330,0.336894,-0.017602,0.497943,-0.046263,0.013849,-0.998833,-0.000763,-0.999996,-0.002672,0.001485,3.389298
2331,0.336892,-0.019088,0.497947,-0.045873,0.016283,-0.998815,-0.000909,-0.999988,-0.004808,0.001487,3.390784
2332,0.336889,-0.020584,0.497928,-0.045045,0.019156,-0.998801,-0.001055,-0.999972,-0.007372,0.001496,3.392280
2333,0.336886,-0.022079,0.497910,-0.044217,0.022029,-0.998779,-0.001199,-0.999946,-0.010342,0.001496,3.393775
2334,0.336883,-0.023575,0.497892,-0.043449,0.024842,-0.998747,-0.001332,-0.999906,-0.013614,0.001495,3.395271
2335,0.336880,-0.025069,0.497888,-0.042681,0.027823,-0.998701,-0.001449,-0.999852,-0.017127,0.001494,3.396765
2336,0.336876,-0.026563,0.497885,-0.041912,0.030804,-0.998646,-0.001553,-0.999781,-0.020863,0.001494,3.398259
2337,0.336874,-0.028055,0.497882,-0.041142,0.033785,-0.998582,-0.001645,-0.999691,-0.024818,0.001492,3.399751
2338,0.336872,-0.029546,0.497879,-0.040372,0.036710,-0.998510,-0.001731,-0.999578,-0.028998,0.001492,3.401243
2339,0.336871,-0.031038,0.497876,-0.039602,0.039636,-0.998429,-0.001814,-0.999441,-0.033372,0.001492,3.402734
2340,0.336868,-0.032535,0.497836,-0.038892,0.042501,-0.998339,-0.001892,-0.999279,-0.037908,0.001497,3.404231
2341,0.336863,-0.034029,0.497751,-0.038210,0.045394,-0.998238,-0.001964,-0.999091,-0.042582,0.001497,3.405728
2342,0.336858,-0.035523,0.497666,-0.037528,0.048287,-0.998128,-0.002025,-0.998879,-0.047303,0.001497,3.407225
2343,0.336855,-0.037018,0.497584,-0.036845,0.051179,-0.998010,-0.002069,-0.998647,-0.051965,0.001497,3.408722
2344,0.336853,-0.038514,0.497512,-0.035450,0.054007,-0.997911,-0.002100,-0.998398,-0.056539,0.001497,3.410219
2345,0.336850,-0.040009,0.497440,-0.034055,0.056834,-0.997803,-0.002122,-0.998134,-0.061023,0.001497,3.411716
2346,0.336848,-0.041503,0.497368,-0.032659,0.059001,-0.997724,-0.002134,-0.997856,-0.065415,0.001496,3.413212
2347,0.336846,-0.042996,0.497296,-0.031263,0.061167,-0.997638,-0.002132,-0.997568,-0.069666,0.001495,3.414707
2348,0.336844,-0.044489,0.497224,-0.029867,0.063333,-0.997545,-0.002116,-0.997280,-0.073678,0.001495,3.416202
2349,0.336839,-0.045982,0.497079,-0.028771,0.065200,-0.997457,-0.002081,-0.997001,-0.077360,0.001499,3.417701
2350,0.336834,-0.047457,0.496907,-0.027121,0.066516,-0.997417,-0.002031,-0.996736,-0.080702,0.001485,3.419187
2351,0.336829,-0.048932,0.496736,-0.025472,0.068081,-0.997355,-0.001970,-0.996485,-0.083751,0.001485,3.420672
2352,0.336826,-0.050409,0.496565,-0.023824,0.069189,-0.997319,-0.001893,-0.996251,-0.086490,0.001486,3.422158
2353,0.336822,-0.051885,0.496393,-0.022176,0.070296,-0.997280,-0.001798,-0.996042,-0.088870,0.001486,3.423644
2354,0.336818,-0.053361,0.496222,-0.020233,0.071110,-0.997263,-0.001688,-0.995860,-0.090883,0.001486,3.425130
2355,0.336815,-0.054838,0.496055,-0.018545,0.072597,-0.997189,-0.001562,-0.995708,-0.092534,0.001486,3.426616
2356,0.336811,-0.056314,0.495887,-0.016857,0.074084,-0.997110,-0.001417,-0.995597,-0.093723,0.001486,3.428102
2357,0.336808,-0.057790,0.495719,-0.015168,0.075570,-0.997025,-0.001255,-0.995541,-0.094326,0.001486,3.429588
2358,0.336805,-0.059258,0.495555,-0.012602,0.076181,-0.997014,-0.001083,-0.995534,-0.094400,0.001478,3.431065
2359,0.336802,-0.060727,0.495392,-0.010034,0.076792,-0.996997,-0.000903,-0.995564,-0.094085,0.001478,3.432543
2360,0.336799,-0.062196,0.495228,-0.007476,0.074516,-0.997192,-0.000704,-0.995621,-0.093478,0.001478,3.434021
2361,0.336796,-0.063665,0.495064,-0.004917,0.070906,-0.997471,-0.000488,-0.995707,-0.092556,0.001478,3.435499
2362,0.336795,-0.065135,0.494898,-0.002356,0.067291,-0.997731,-0.000282,-0.995845,-0.091059,0.001479,3.436978
2363,0.336793,-0.066605,0.494733,-0.001367,0.065226,-0.997870,-0.000104,-0.996049,-0.088800,0.001479,3.438458
2364,0.336794,-0.068078,0.494576,-0.000591,0.063126,-0.998005,0.000041,-0.996314,-0.085782,0.001481,3.439939
2365,0.336794,-0.069551,0.494432,0.000185,0.061026,-0.998136,0.000162,-0.996626,-0.082075,0.001480,3.441419
2366,0.336795,-0.071029,0.494289,0.000962,0.058924,-0.998262,0.000268,-0.996970,-0.077782,0.001484,3.442903
2367,0.336796,-0.072505,0.494185,0.001290,0.057268,-0.998358,0.000357,-0.997330,-0.073020,0.001481,3.444384
2368,0.336797,-0.073983,0.494080,0.001619,0.055383,-0.998464,0.000457,-0.997691,-0.067913,0.001481,3.445865
2369,0.336799,-0.075460,0.493976,0.001948,0.053497,-0.998566,0.000597,-0.998046,-0.062481,0.001481,3.447346
2370,0.336805,-0.076944,0.493899,0.002273,0.049965,-0.998748,0.000667,-0.998389,-0.056734,0.001486,3.448832
2371,0.336810,-0.078426,0.493819,0.002598,0.046433,-0.998918,0.000628,-0.998714,-0.050694,0.001484,3.450316
2372,0.336814,-0.079915,0.493732,0.002899,0.042923,-0.999074,0.000561,-0.999012,-0.044436,0.001492,3.451808
2373,0.336819,-0.081404,0.493646,0.003200,0.039178,-0.999227,0.000496,-0.999269,-0.038227,0.001491,3.453299
2374,0.336824,-0.082893,0.493567,0.003501,0.035433,-0.999366,0.000445,-0.999477,-0.032324,0.001491,3.454791
2375,0.336826,-0.084376,0.493492,0.003863,0.031748,-0.999488,0.000408,-0.999641,-0.026792,0.001485,3.456276
2376,0.336829,-0.085860,0.493399,0.032749,0.063153,-0.997466,0.000925,-0.999767,-0.021543,0.001486,3.457762
2377,0.336832,-0.087343,0.493305,0.032749,0.063153,-0.997466,0.002664,-0.999860,-0.016509,0.001486,3.459248
2378,0.336847,-0.088838,0.493215,0.068799,0.027083,-0.997263,0.004387,-0.999921,-0.011813,0.001498,3.460746
2379,0.336849,-0.090323,0.493175,0.068799,0.027083,-0.997263,0.004217,-0.999978,-0.005202,0.001486,3.462232
2380,0.336841,-0.091845,0.493292,0.068532,-0.092072,-0.993391,0.004690,-0.999988,0.001109,0.001526,3.463758
2381,0.336831,-0.093321,0.493428,0.068532,-0.092072,-0.993391,0.005920,-0.999960,0.006708,0.001482,3.465240
2382,0.336822,-0.094798,0.493565,0.068532,-0.092072,-0.993391,0.004491,-0.999929,0.011003,0.001483,3.466723
2383,0.336819,-0.096282,0.493636,0.004182,-0.027869,-0.999603,0.002570,-0.999889,0.014656,0.001486,3.468210
2384,0.336818,-0.097770,0.493685,0.004181,-0.038049,-0.999267,0.002647,-0.999830,0.018223,0.001488,3.469698
2385,0.336816,-0.099257,0.493741,0.004181,-0.038049,-0.999267,0.002724,-0.999768,0.021382,0.001489,3.471186
2386,0.336837,-0.100722,0.493797,0.004181,-0.038049,-0.999267,0.002796,-0.999705,0.024128,0.001466,3.472653
2387,0.336857,-0.102099,0.493843,-0.014135,-0.019748,-0.999705,0.002328,-0.999639,0.026763,0.001378,3.474031
2388,0.336791,-0.103708,0.493877,-0.014131,-0.029113,-0.999476,0.014295,-0.999470,0.029260,0.001610,3.475641
2389,0.336792,-0.105190,0.493921,-0.014131,-0.029113,-0.999476,0.043466,-0.998561,0.031403,0.001483,3.477124
2390,0.336793,-0.106673,0.493964,-0.014131,-0.029113,-0.999476,0.043568,-0.998653,0.028162,0.001483,3.478607
2391,0.336794,-0.108155,0.494007,-0.014131,-0.029113,-0.999476,0.000864,-0.999589,0.028657,0.001483,3.480090
2392,0.336796,-0.109638,0.494049,-0.015110,-0.028135,-0.999490,0.000924,-0.999500,0.031597,0.001483,3.481573
2393,0.336797,-0.111120,0.494101,-0.015105,-0.037767,-0.999172,0.151028,-0.987963,0.033470,0.001483,3.483056
2394,0.337189,-0.112212,0.494136,-0.015105,-0.037767,-0.999172,0.337814,-0.940721,0.030437,0.001160,3.484217
2395,0.337189,-0.112212,0.494136,-0.015105,-0.037767,-0.999172,0.000000,-1.000000,0.000000,0.000000,3.484217
